1 Se rompe sin tocarse que es,Una promesa
2 Aumenta contigo y no retrocede que es,La edad
3 Estoy seca te seco y me mojo que soy,La toalla
4 Sube cada anio y no baja que es,La edad
5 Viajo en cartas pegado a una esquina que soy,Un sello
6 De vidrio o plastico con cuello que soy,La botella
7 Corro sin piernas y muero en el mar que soy,Un rio
8 Te respondo cuando me hablas sin tener boca que soy,El eco
9 Me sigues sin tocarme cruzo agua sin mojarme que soy,La sombra
10 Vivo en cuevas y repito tu voz que soy,El eco
11 Tengo orejas y no oigo que soy,El maiz
12 Entre mas me quitan mas grande me vuelvo que soy,Un agujero
13 Tengo muchas llaves y no abro puertas que soy,Un piano
14 Tengo lengua y no hablo camino sin pies que soy,El zapato
15 Hago musica y tengo teclas que soy,Un piano
16 Llega despues y nunca ahora que es,El manana
17 Doy sombra madera y frutos que soy,Un arbol
18 Viajo en cartas pegado a una esquina que soy,Un sello
19 Soy vacio y crezco cuando me sacan que soy,Un agujero
20 Me sigues sin tocarme cruzo agua sin mojarme que soy,La sombra
21 Siempre viene pero nunca es hoy que es,El manana
22 Siempre llega pero nunca esta aqui que es,El manana
23 Doy la vuelta al mundo sin moverme del sobre que soy,Un sello
24 Muestro rios sin agua y ciudades sin casas que soy,Un mapa
25 Sube cada anio y no baja que es,La edad
26 Repito lo que dices sin boca ni oidos que soy,El eco
27 Voy por el suelo con cordones que soy,El zapato
28 Desaparezco cuando hablas que soy,El silencio
29 Tengo anillos en el tronco y no joyas que soy,Un arbol
30 Llega despues y nunca ahora que es,El manana
31 Vuelo sin alas lloro sin ojos dime que soy,Las nubes
32 Siempre viene pero nunca es hoy que es,El manana
33 Floto en el cielo y traigo lluvia que soy,Las nubes
34 Llega despues y nunca ahora que es,El manana
35 Muestro rios sin agua y ciudades sin casas que soy,Un mapa
36 Rojo ardiente me alimenta el aire que soy,El fuego
37 Desaparezco cuando hablas que soy,El silencio
38 Sube cada anio y no baja que es,La edad
39 Repito lo que dices sin boca ni oidos que soy,El eco
40 Corro sin piernas y muero en el mar que soy,Un rio
41 Soy vacio y crezco cuando me sacan que soy,Un agujero
42 Vivo en cuevas y repito tu voz que soy,El eco
43 Sin pulmones respiro y sin vida crezco que soy,El fuego
44 Doy sombra madera y frutos que soy,Un arbol
45 Doy la vuelta al mundo sin moverme del sobre que soy,Un sello
46 Vivo en cuevas y repito tu voz que soy,El eco
47 Me sigues sin tocarme cruzo agua sin mojarme que soy,La sombra
48 Viajo en cartas pegado a una esquina que soy,Un sello
49 Voy por el suelo con cordones que soy,El zapato
50 Nazco con la luz y muero en la oscuridad que soy,La sombra
51 Tengo dientes sin hambre que soy,Un peine
52 Tengo anillos en el tronco y no joyas que soy,Un arbol
53 Muestro rios sin agua y ciudades sin casas que soy,Un mapa
54 Nazco con la luz y muero en la oscuridad que soy,La sombra
55 De vidrio o plastico con cuello que soy,La botella
56 Estoy seca te seco y me mojo que soy,La toalla
57 Floto en el cielo y traigo lluvia que soy,Las nubes
58 Sin pulmones respiro y sin vida crezco que soy,El fuego
59 Repito lo que dices sin boca ni oidos que soy,El eco
60 Soy delgada y pincho sin ver que soy,La aguja
61 Seco tu cuerpo y me empapo que soy,La toalla
62 Llega despues y nunca ahora que es,El manana
63 Tengo muchas llaves y no abro puertas que soy,Un piano
64 Tengo muchas llaves y no abro puertas que soy,Un piano
65 Entre mas me quitan mas grande me vuelvo que soy,Un agujero
66 En papel hay montanas sin tierra que soy,Un mapa
67 Rojo ardiente me alimenta el aire que soy,El fuego
68 Aumenta contigo y no retrocede que es,La edad
69 Floto en el cielo y traigo lluvia que soy,Las nubes
70 Doy la vuelta al mundo sin moverme del sobre que soy,Un sello
71 Sin pulmones respiro y sin vida crezco que soy,El fuego
72 Doy sombra madera y frutos que soy,Un arbol
73 Peino cabellos sin morder que soy,Un peine
74 Floto en el cielo y traigo lluvia que soy,Las nubes
75 En papel hay montanas sin tierra que soy,Un mapa
76 Me rompes si pronuncias mi nombre que soy,El silencio
77 Viajo en cartas pegado a una esquina que soy,Un sello
78 Se dice y se puede quebrar que es,Una promesa
79 Sube cada anio y no baja que es,La edad
80 Repito lo que dices sin boca ni oidos que soy,El eco
81 Se rompe sin tocarse que es,Una promesa
82 Tengo lengua y no hablo camino sin pies que soy,El zapato
83 Nazco con la luz y muero en la oscuridad que soy,La sombra
84 En papel hay montanas sin tierra que soy,Un mapa
85 Tengo orejas y no oigo que soy,El maiz
86 Floto en el cielo y traigo lluvia que soy,Las nubes
87 Sin pulmones respiro y sin vida crezco que soy,El fuego
88 En papel hay montanas sin tierra que soy,Un mapa
89 Seco tu cuerpo y me empapo que soy,La toalla
90 Vivo en cuevas y repito tu voz que soy,El eco
91 Tengo lengua y no hablo camino sin pies que soy,El zapato
92 Voy por el suelo con cordones que soy,El zapato
93 Tengo cuello sin cabeza y tomo sin boca que soy,La botella
94 Viajo por el mundo y me quedo en la esquina que soy,Un sello
95 Muestro rios sin agua y ciudades sin casas que soy,Un mapa
96 Viajo en cartas pegado a una esquina que soy,Un sello
97 Llega despues y nunca ahora que es,El manana
98 Corre sin piernas y tiene boca que no habla que es,Un rio
99 Sube cada anio y no baja que es,La edad
100 Seco tu cuerpo y me empapo que soy,La toalla
101 Estoy seca te seco y me mojo que soy,La toalla
102 Vivo en cuevas y repito tu voz que soy,El eco
103 Doy la vuelta al mundo sin moverme del sobre que soy,Un sello
104 Soy vacio y crezco cuando me sacan que soy,Un agujero
105 Sin pulmones respiro y sin vida crezco que soy,El fuego
106 Hago musica y tengo teclas que soy,Un piano
107 Entre mas me quitan mas grande me vuelvo que soy,Un agujero
108 Soy delgada y pincho sin ver que soy,La aguja
109 Aumenta contigo y no retrocede que es,La edad
110 Muestro rios sin agua y ciudades sin casas que soy,Un mapa
111 En la milpa hay muchas orejas que soy,El maiz
112 Tengo dientes sin hambre que soy,Un peine
113 Tengo muchas llaves y no abro puertas que soy,Un piano
114 Tengo anillos en el tronco y no joyas que soy,Un arbol
115 Peino cabellos sin morder que soy,Un peine
116 Estoy seca te seco y me mojo que soy,La toalla
117 Nazco con la luz y muero en la oscuridad que soy,La sombra
118 Me rompes si pronuncias mi nombre que soy,El silencio
119 Siempre viene pero nunca es hoy que es,El manana
120 Tengo anillos en el tronco y no joyas que soy,Un arbol
121 Se dice y se puede quebrar que es,Una promesa
122 Tengo anillos en el tronco y no joyas que soy,Un arbol
123 Me sigues sin tocarme cruzo agua sin mojarme que soy,La sombra
124 Corro sin piernas y muero en el mar que soy,Un rio
125 Tengo orejas y no oigo que soy,El maiz
126 Sin pulmones respiro y sin vida crezco que soy,El fuego
127 Llega despues y nunca ahora que es,El manana
128 Seco tu cuerpo y me empapo que soy,La toalla
129 Sin pulmones respiro y sin vida crezco que soy,El fuego
130 Hago musica y tengo teclas que soy,Un piano
131 Tengo muchas llaves y no abro puertas que soy,Un piano
132 Vivo en cuevas y repito tu voz que soy,El eco
133 Estoy seca te seco y me mojo que soy,La toalla
134 Siempre viene pero nunca es hoy que es,El manana
135 Doy la vuelta al mundo sin moverme del sobre que soy,Un sello
136 Nazco en montanas y voy al oceano que soy,Un rio
137 Tengo lengua y no hablo camino sin pies que soy,El zapato
138 Repito lo que dices sin boca ni oidos que soy,El eco
139 Llega despues y nunca ahora que es,El manana
140 Se dice y se puede quebrar que es,Una promesa
141 Soy delgada y pincho sin ver que soy,La aguja
142 Entre mas me quitan mas grande me vuelvo que soy,Un agujero
143 Desaparezco cuando hablas que soy,El silencio
144 Tengo cuello sin cabeza y tomo sin boca que soy,La botella
145 Me sigues sin tocarme cruzo agua sin mojarme que soy,La sombra
146 Vivo en cuevas y repito tu voz que soy,El eco
147 Aumenta contigo y no retrocede que es,La edad
148 Llega despues y nunca ahora que es,El manana
149 Siempre viene pero nunca es hoy que es,El manana
150 Se dice y se puede quebrar que es,Una promesa
151 Tengo un ojo que no mira que soy,La aguja
152 En la milpa hay muchas orejas que soy,El maiz
153 Tengo dientes sin hambre que soy,Un peine
154 Corro sin piernas y muero en el mar que soy,Un rio
155 Entre mas me quitan mas grande me vuelvo que soy,Un agujero
156 Sin pulmones respiro y sin vida crezco que soy,El fuego
157 Estoy seca te seco y me mojo que soy,La toalla
158 Se dice y se puede quebrar que es,Una promesa
159 Voy por el suelo con cordones que soy,El zapato
160 Viajo en cartas pegado a una esquina que soy,Un sello
161 Nazco con la luz y muero en la oscuridad que soy,La sombra
162 Doy la vuelta al mundo sin moverme del sobre que soy,Un sello
163 Doy la vuelta al mundo sin moverme del sobre que soy,Un sello
164 Llega despues y nunca ahora que es,El manana
165 Hago musica y tengo teclas que soy,Un piano
166 En la milpa hay muchas orejas que soy,El maiz
167 Estoy seca te seco y me mojo que soy,La toalla
168 Doy sombra madera y frutos que soy,Un arbol
169 Me rompes si pronuncias mi nombre que soy,El silencio
170 Seco tu cuerpo y me empapo que soy,La toalla
171 Soy vacio y crezco cuando me sacan que soy,Un agujero
172 Peino cabellos sin morder que soy,Un peine
173 En la milpa hay muchas orejas que soy,El maiz
174 Seco tu cuerpo y me empapo que soy,La toalla
175 En papel hay montanas sin tierra que soy,Un mapa
176 Rojo ardiente me alimenta el aire que soy,El fuego
177 Tengo anillos en el tronco y no joyas que soy,Un arbol
178 Seco tu cuerpo y me empapo que soy,La toalla
179 Tengo orejas y no oigo que soy,El maiz
180 Sube cada anio y no baja que es,La edad
181 Se dice y se puede quebrar que es,Una promesa
182 Seco tu cuerpo y me empapo que soy,La toalla
183 Tengo dientes sin hambre que soy,Un peine
184 Doy sombra madera y frutos que soy,Un arbol
185 Tengo dientes sin hambre que soy,Un peine
186 Muestro rios sin agua y ciudades sin casas que soy,Un mapa
187 Seco tu cuerpo y me empapo que soy,La toalla
188 Repito lo que dices sin boca ni oidos que soy,El eco
189 Floto en el cielo y traigo lluvia que soy,Las nubes
190 Aumenta contigo y no retrocede que es,La edad
191 Tengo dientes sin hambre que soy,Un peine
192 En la milpa hay muchas orejas que soy,El maiz
193 Tengo muchas llaves y no abro puertas que soy,Un piano
194 Tengo un ojo que no mira que soy,La aguja
195 De vidrio o plastico con cuello que soy,La botella
196 En la milpa hay muchas orejas que soy,El maiz
197 Floto en el cielo y traigo lluvia que soy,Las nubes
198 Vuelo sin alas lloro sin ojos dime que soy,Las nubes
199 Doy la vuelta al mundo sin moverme del sobre que soy,Un sello
200 Aumenta contigo y no retrocede que es,La edad
201 Tengo anillos en el tronco y no joyas que soy,Un arbol
202 Se moja mientras te seca que es,La toalla
203 Tengo anillos en el tronco y no joyas que soy,Un arbol
204 En la milpa hay muchas orejas que soy,El maiz
205 Se dice y se puede quebrar que es,Una promesa
206 Vivo en cuevas y repito tu voz que soy,El eco
207 Me sigues sin tocarme cruzo agua sin mojarme que soy,La sombra
208 Corro sin piernas y muero en el mar que soy,Un rio
209 En papel hay montanas sin tierra que soy,Un mapa
210 Peino cabellos sin morder que soy,Un peine
211 Soy delgada y pincho sin ver que soy,La aguja
212 Desaparezco cuando hablas que soy,El silencio
213 Soy delgada y pincho sin ver que soy,La aguja
214 Doy la vuelta al mundo sin moverme del sobre que soy,Un sello
215 Me rompes si pronuncias mi nombre que soy,El silencio
216 Me sigues sin tocarme cruzo agua sin mojarme que soy,La sombra
217 Siempre viene pero nunca es hoy que es,El manana
218 Sin pulmones respiro y sin vida crezco que soy,El fuego
219 Nazco en montanas y voy al oceano que soy,Un rio
220 Siempre viene pero nunca es hoy que es,El manana
221 Aumenta contigo y no retrocede que es,La edad
222 Entre mas me quitan mas grande me vuelvo que soy,Un agujero
223 Repito lo que dices sin boca ni oidos que soy,El eco
224 Me rompes si pronuncias mi nombre que soy,El silencio
225 Entre mas me quitan mas grande me vuelvo que soy,Un agujero
226 Soy delgada y pincho sin ver que soy,La aguja
227 Tengo un ojo que no mira que soy,La aguja
228 En papel hay montanas sin tierra que soy,Un mapa
229 Tengo cuello sin cabeza y tomo sin boca que soy,La botella
230 Se rompe sin tocarse que es,Una promesa
231 Me rompes si pronuncias mi nombre que soy,El silencio
232 Aumenta contigo y no retrocede que es,La edad
233 Hago musica y tengo teclas que soy,Un piano
234 Tengo lengua y no hablo camino sin pies que soy,El zapato
235 Vuelo sin alas lloro sin ojos dime que soy,Las nubes
236 Tengo muchas llaves y no abro puertas que soy,Un piano
237 Se rompe sin tocarse que es,Una promesa
238 Sube cada anio y no baja que es,La edad
239 Seco tu cuerpo y me empapo que soy,La toalla
240 En papel hay montanas sin tierra que soy,Un mapa
241 Se dice y se puede quebrar que es,Una promesa
242 Corro sin piernas y muero en el mar que soy,Un rio
243 Me rompes si pronuncias mi nombre que soy,El silencio
244 Se rompe sin tocarse que es,Una promesa
245 Llega despues y nunca ahora que es,El manana
246 Nazco con la luz y muero en la oscuridad que soy,La sombra
247 De vidrio o plastico con cuello que soy,La botella
248 Tengo lengua y no hablo camino sin pies que soy,El zapato
249 Aumenta contigo y no retrocede que es,La edad
250 Nazco en montanas y voy al oceano que soy,Un rio
251 Tengo lengua y no hablo camino sin pies que soy,El zapato
252 Soy delgada y pincho sin ver que soy,La aguja
253 Rojo ardiente me alimenta el aire que soy,El fuego
254 Peino cabellos sin morder que soy,Un peine
255 Muestro rios sin agua y ciudades sin casas que soy,Un mapa
256 Tengo lengua y no hablo camino sin pies que soy,El zapato
257 Me sigues sin tocarme cruzo agua sin mojarme que soy,La sombra
258 Viajo en cartas pegado a una esquina que soy,Un sello
259 Hago musica y tengo teclas que soy,Un piano
260 Aumenta contigo y no retrocede que es,La edad
261 Floto en el cielo y traigo lluvia que soy,Las nubes
262 Se dice y se puede quebrar que es,Una promesa
263 Vuelo sin alas lloro sin ojos dime que soy,Las nubes
264 Doy la vuelta al mundo sin moverme del sobre que soy,Un sello
265 Sin pulmones respiro y sin vida crezco que soy,El fuego
266 Hago musica y tengo teclas que soy,Un piano
267 Soy vacio y crezco cuando me sacan que soy,Un agujero
268 Floto en el cielo y traigo lluvia que soy,Las nubes
269 Nazco con la luz y muero en la oscuridad que soy,La sombra
270 Desaparezco cuando hablas que soy,El silencio
271 Tengo muchas llaves y no abro puertas que soy,Un piano
272 Desaparezco cuando hablas que soy,El silencio
273 Llega despues y nunca ahora que es,El manana
274 Entre mas me quitan mas grande me vuelvo que soy,Un agujero
275 De vidrio o plastico con cuello que soy,La botella
276 Vivo en cuevas y repito tu voz que soy,El eco
277 Tengo anillos en el tronco y no joyas que soy,Un arbol
278 Soy delgada y pincho sin ver que soy,La aguja
279 Nazco con la luz y muero en la oscuridad que soy,La sombra
280 Hago musica y tengo teclas que soy,Un piano
281 Vivo en cuevas y repito tu voz que soy,El eco
282 Se rompe sin tocarse que es,Una promesa
283 De vidrio o plastico con cuello que soy,La botella
284 Me sigues sin tocarme cruzo agua sin mojarme que soy,La sombra
285 Llega despues y nunca ahora que es,El manana
286 Se rompe sin tocarse que es,Una promesa
287 Llega despues y nunca ahora que es,El manana
288 Tengo cuello sin cabeza y tomo sin boca que soy,La botella
289 Tengo cuello sin cabeza y tomo sin boca que soy,La botella
290 Soy delgada y pincho sin ver que soy,La aguja
291 Soy delgada y pincho sin ver que soy,La aguja
292 Tengo un ojo que no mira que soy,La aguja
293 Nazco con la luz y muero en la oscuridad que soy,La sombra
294 Hago musica y tengo teclas que soy,Un piano
295 Hago musica y tengo teclas que soy,Un piano
296 Tengo lengua y no hablo camino sin pies que soy,El zapato
297 Doy sombra madera y frutos que soy,Un arbol
298 Vivo en cuevas y repito tu voz que soy,El eco
299 Estoy seca te seco y me mojo que soy,La toalla
300 Siempre viene pero nunca es hoy que es,El manana
301 Me sigues sin tocarme cruzo agua sin mojarme que soy,La sombra
302 Seco tu cuerpo y me empapo que soy,La toalla
303 Tengo orejas y no oigo que soy,El maiz
304 Rojo ardiente me alimenta el aire que soy,El fuego
305 Nazco con la luz y muero en la oscuridad que soy,La sombra
306 Estoy seca te seco y me mojo que soy,La toalla
307 Muestro rios sin agua y ciudades sin casas que soy,Un mapa
308 Tengo orejas y no oigo que soy,El maiz
309 Nazco en montanas y voy al oceano que soy,Un rio
310 Floto en el cielo y traigo lluvia que soy,Las nubes
311 Peino cabellos sin morder que soy,Un peine
312 Tengo dientes sin hambre que soy,Un peine
313 En la milpa hay muchas orejas que soy,El maiz
314 Tengo muchas llaves y no abro puertas que soy,Un piano
315 Rojo ardiente me alimenta el aire que soy,El fuego
316 Tengo muchas llaves y no abro puertas que soy,Un piano
317 Muestro rios sin agua y ciudades sin casas que soy,Un mapa
318 Voy por el suelo con cordones que soy,El zapato
319 En papel hay montanas sin tierra que soy,Un mapa
320 Repito lo que dices sin boca ni oidos que soy,El eco
321 Entre mas me quitan mas grande me vuelvo que soy,Un agujero
322 Viajo en cartas pegado a una esquina que soy,Un sello
323 Soy vacio y crezco cuando me sacan que soy,Un agujero
324 Voy por el suelo con cordones que soy,El zapato
325 Entre mas me quitan mas grande me vuelvo que soy,Un agujero
326 Tengo dientes sin hambre que soy,Un peine
327 Estoy seca te seco y me mojo que soy,La toalla
328 Soy vacio y crezco cuando me sacan que soy,Un agujero
329 Sin pulmones respiro y sin vida crezco que soy,El fuego
330 Muestro rios sin agua y ciudades sin casas que soy,Un mapa
331 De vidrio o plastico con cuello que soy,La botella
332 Peino cabellos sin morder que soy,Un peine
333 Tengo cuello sin cabeza y tomo sin boca que soy,La botella
334 Nazco en montanas y voy al oceano que soy,Un rio
335 Seco tu cuerpo y me empapo que soy,La toalla
336 Sube cada anio y no baja que es,La edad
337 Nazco con la luz y muero en la oscuridad que soy,La sombra
338 Floto en el cielo y traigo lluvia que soy,Las nubes
339 Voy por el suelo con cordones que soy,El zapato
340 Llega despues y nunca ahora que es,El manana
341 Tengo cuello sin cabeza y tomo sin boca que soy,La botella
342 Entre mas me quitan mas grande me vuelvo que soy,Un agujero
343 Siempre viene pero nunca es hoy que es,El manana
344 Tengo muchas llaves y no abro puertas que soy,Un piano
345 Rojo ardiente me alimenta el aire que soy,El fuego
346 Aumenta contigo y no retrocede que es,La edad
347 Se rompe sin tocarse que es,Una promesa
348 Doy sombra madera y frutos que soy,Un arbol
349 Estoy seca te seco y me mojo que soy,La toalla
350 Estoy seca te seco y me mojo que soy,La toalla
351 Tengo cuello sin cabeza y tomo sin boca que soy,La botella
352 Repito lo que dices sin boca ni oidos que soy,El eco
353 Aumenta contigo y no retrocede que es,La edad
354 Tengo orejas y no oigo que soy,El maiz
355 Tengo lengua y no hablo camino sin pies que soy,El zapato
356 Se rompe sin tocarse que es,Una promesa
357 Muestro rios sin agua y ciudades sin casas que soy,Un mapa
358 Doy sombra madera y frutos que soy,Un arbol
359 Voy por el suelo con cordones que soy,El zapato
360 Se rompe sin tocarse que es,Una promesa
361 Nazco con la luz y muero en la oscuridad que soy,La sombra
362 Tengo ciudades pero no edificios rios pero no agua que soy,Un mapa
363 Seco tu cuerpo y me empapo que soy,La toalla
364 Rojo ardiente me alimenta el aire que soy,El fuego
365 Tengo muchas llaves y no abro puertas que soy,Un piano
366 Hago musica y tengo teclas que soy,Un piano
367 En papel hay montanas sin tierra que soy,Un mapa
368 Floto en el cielo y traigo lluvia que soy,Las nubes
369 Corro sin piernas y muero en el mar que soy,Un rio
370 Me rompes si pronuncias mi nombre que soy,El silencio
371 Rojo ardiente me alimenta el aire que soy,El fuego
372 Soy delgada y pincho sin ver que soy,La aguja
373 Viajo en cartas pegado a una esquina que soy,Un sello
374 Hago musica y tengo teclas que soy,Un piano
375 Muestro rios sin agua y ciudades sin casas que soy,Un mapa
376 Hago musica y tengo teclas que soy,Un piano
377 Tengo lengua y no hablo camino sin pies que soy,El zapato
378 Tengo lengua y no hablo camino sin pies que soy,El zapato
379 Se rompe sin tocarse que es,Una promesa
380 Soy vacio y crezco cuando me sacan que soy,Un agujero
381 Tengo anillos en el tronco y no joyas que soy,Un arbol
382 Peino cabellos sin morder que soy,Un peine
383 Entre mas me quitan mas grande me vuelvo que soy,Un agujero
384 Se rompe sin tocarse que es,Una promesa
385 Tengo lengua y no hablo camino sin pies que soy,El zapato
386 Soy delgada y pincho sin ver que soy,La aguja
387 Corro sin piernas y muero en el mar que soy,Un rio
388 Tengo lengua y no hablo camino sin pies que soy,El zapato
389 Tengo cuello sin cabeza y tomo sin boca que soy,La botella
390 Seco tu cuerpo y me empapo que soy,La toalla
391 Repito lo que dices sin boca ni oidos que soy,El eco
392 Tengo anillos en el tronco y no joyas que soy,Un arbol
393 Se rompe sin tocarse que es,Una promesa
394 De vidrio o plastico con cuello que soy,La botella
395 Soy vacio y crezco cuando me sacan que soy,Un agujero
396 Sube cada anio y no baja que es,La edad
397 Corro sin piernas y muero en el mar que soy,Un rio
398 Tengo un ojo que no mira que soy,La aguja
399 Estoy seca te seco y me mojo que soy,La toalla
400 Llega despues y nunca ahora que es,El manana
401 Se rompe sin tocarse que es,Una promesa
402 Sin estar vivo crezco y sin pulmones respiro que soy,El fuego
403 Corro sin piernas y muero en el mar que soy,Un rio
404 Floto en el cielo y traigo lluvia que soy,Las nubes
405 Soy vacio y crezco cuando me sacan que soy,Un agujero
406 Viajo en cartas pegado a una esquina que soy,Un sello
407 Tengo anillos en el tronco y no joyas que soy,Un arbol
408 Voy por el suelo con cordones que soy,El zapato
409 En la milpa hay muchas orejas que soy,El maiz
410 Seco tu cuerpo y me empapo que soy,La toalla
411 Corro sin piernas y muero en el mar que soy,Un rio
412 Tengo un ojo que no mira que soy,La aguja
413 Se dice y se puede quebrar que es,Una promesa
414 Floto en el cielo y traigo lluvia que soy,Las nubes
415 Tengo un ojo que no mira que soy,La aguja
416 Viajo en cartas pegado a una esquina que soy,Un sello
417 Tengo orejas y no oigo que soy,El maiz
418 Se dice y se puede quebrar que es,Una promesa
419 Sin pulmones respiro y sin vida crezco que soy,El fuego
420 Estoy seca te seco y me mojo que soy,La toalla
421 Tengo muchas llaves y no abro puertas que soy,Un piano
422 Me rompes si pronuncias mi nombre que soy,El silencio
423 En papel hay montanas sin tierra que soy,Un mapa
424 Llega despues y nunca ahora que es,El manana
425 Muestro rios sin agua y ciudades sin casas que soy,Un mapa
426 Nazco con la luz y muero en la oscuridad que soy,La sombra
427 Desaparezco cuando hablas que soy,El silencio
428 Sin pulmones respiro y sin vida crezco que soy,El fuego
429 En papel hay montanas sin tierra que soy,Un mapa
430 Hago musica y tengo teclas que soy,Un piano
431 Nazco en montanas y voy al oceano que soy,Un rio
432 Voy por el suelo con cordones que soy,El zapato
433 Peino cabellos sin morder que soy,Un peine
434 Se rompe sin tocarse que es,Una promesa
435 Me sigues sin tocarme cruzo agua sin mojarme que soy,La sombra
436 Voy por el suelo con cordones que soy,El zapato
437 Hago musica y tengo teclas que soy,Un piano
438 Vuelo sin alas lloro sin ojos dime que soy,Las nubes
439 Desaparezco cuando hablas que soy,El silencio
440 Sin pulmones respiro y sin vida crezco que soy,El fuego
441 Peino cabellos sin morder que soy,Un peine
442 Hago musica y tengo teclas que soy,Un piano
443 Corro sin piernas y muero en el mar que soy,Un rio
444 Voy por el suelo con cordones que soy,El zapato
445 En papel hay montanas sin tierra que soy,Un mapa
446 Tengo orejas y no oigo que soy,El maiz
447 Tengo muchas llaves y no abro puertas que soy,Un piano
448 En papel hay montanas sin tierra que soy,Un mapa
449 Tengo anillos en el tronco y no joyas que soy,Un arbol
450 Voy por el suelo con cordones que soy,El zapato
451 Estoy seca te seco y me mojo que soy,La toalla
452 Vivo en cuevas y repito tu voz que soy,El eco
453 Siempre viene pero nunca es hoy que es,El manana
454 Viajo en cartas pegado a una esquina que soy,Un sello
455 Doy sombra madera y frutos que soy,Un arbol
456 Doy la vuelta al mundo sin moverme del sobre que soy,Un sello
457 Corro sin piernas y muero en el mar que soy,Un rio
458 Vuelo sin alas lloro sin ojos dime que soy,Las nubes
459 Siempre viene pero nunca es hoy que es,El manana
460 De vidrio o plastico con cuello que soy,La botella
461 Nazco con la luz y muero en la oscuridad que soy,La sombra
462 Se rompe sin tocarse que es,Una promesa
463 Vuelo sin alas lloro sin ojos dime que soy,Las nubes
464 Rojo ardiente me alimenta el aire que soy,El fuego
465 Vivo en cuevas y repito tu voz que soy,El eco
466 Me rompes si pronuncias mi nombre que soy,El silencio
467 Tengo orejas y no oigo que soy,El maiz
468 Soy delgada y pincho sin ver que soy,La aguja
469 Se rompe sin tocarse que es,Una promesa
470 Sin pulmones respiro y sin vida crezco que soy,El fuego
471 Entre mas me quitan mas grande me vuelvo que soy,Un agujero
472 Hago musica y tengo teclas que soy,Un piano
473 Vuelo sin alas lloro sin ojos dime que soy,Las nubes
474 Corro sin piernas y muero en el mar que soy,Un rio
475 Doy sombra madera y frutos que soy,Un arbol
476 Llega despues y nunca ahora que es,El manana
477 Vivo en cuevas y repito tu voz que soy,El eco
478 Me rompes si pronuncias mi nombre que soy,El silencio
479 Tengo anillos en el tronco y no joyas que soy,Un arbol
480 Hago musica y tengo teclas que soy,Un piano
481 Tengo cuello sin cabeza y tomo sin boca que soy,La botella
482 Nazco en montanas y voy al oceano que soy,Un rio
483 Viajo en cartas pegado a una esquina que soy,Un sello
484 Muestro rios sin agua y ciudades sin casas que soy,Un mapa
485 Floto en el cielo y traigo lluvia que soy,Las nubes
486 Siempre viene pero nunca es hoy que es,El manana
487 Tengo lengua y no hablo camino sin pies que soy,El zapato
488 Muestro rios sin agua y ciudades sin casas que soy,Un mapa
489 Soy delgada y pincho sin ver que soy,La aguja
490 Tengo anillos en el tronco y no joyas que soy,Un arbol
491 Peino cabellos sin morder que soy,Un peine
492 Rojo ardiente me alimenta el aire que soy,El fuego
493 Me rompes si pronuncias mi nombre que soy,El silencio
494 De vidrio o plastico con cuello que soy,La botella
495 Soy vacio y crezco cuando me sacan que soy,Un agujero
496 Doy sombra madera y frutos que soy,Un arbol
497 Vivo en cuevas y repito tu voz que soy,El eco
498 Soy vacio y crezco cuando me sacan que soy,Un agujero
499 Doy la vuelta al mundo sin moverme del sobre que soy,Un sello
500 Tengo dientes sin hambre que soy,Un peine
501 Tengo muchas llaves y no abro puertas que soy,Un piano
502 Hago musica y tengo teclas que soy,Un piano
503 Floto en el cielo y traigo lluvia que soy,Las nubes
504 Aumenta contigo y no retrocede que es,La edad
505 Floto en el cielo y traigo lluvia que soy,Las nubes
506 Siempre viene pero nunca es hoy que es,El manana
507 Rojo ardiente me alimenta el aire que soy,El fuego
508 Peino cabellos sin morder que soy,Un peine
509 Doy la vuelta al mundo sin moverme del sobre que soy,Un sello
510 Tengo dientes y no muerdo que soy,Un peine
511 Doy la vuelta al mundo sin moverme del sobre que soy,Un sello
512 En la milpa hay muchas orejas que soy,El maiz
513 Vivo en cuevas y repito tu voz que soy,El eco
514 En la milpa hay muchas orejas que soy,El maiz
515 Viajo en cartas pegado a una esquina que soy,Un sello
516 Se dice y se puede quebrar que es,Una promesa
517 Sube cada anio y no baja que es,La edad
518 Vivo en cuevas y repito tu voz que soy,El eco
519 Me sigues sin tocarme cruzo agua sin mojarme que soy,La sombra
520 Tengo lengua y no hablo camino sin pies que soy,El zapato
521 Siempre viene pero nunca es hoy que es,El manana
522 Corro sin piernas y muero en el mar que soy,Un rio
523 Llega despues y nunca ahora que es,El manana
524 Muestro rios sin agua y ciudades sin casas que soy,Un mapa
525 Hago musica y tengo teclas que soy,Un piano
526 Corro sin piernas y muero en el mar que soy,Un rio
527 Se dice y se puede quebrar que es,Una promesa
528 Tengo anillos en el tronco y no joyas que soy,Un arbol
529 De vidrio o plastico con cuello que soy,La botella
530 Rojo ardiente me alimenta el aire que soy,El fuego
531 Tengo cuello sin cabeza y tomo sin boca que soy,La botella
532 Soy vacio y crezco cuando me sacan que soy,Un agujero
533 Soy vacio y crezco cuando me sacan que soy,Un agujero
534 Sube cada anio y no baja que es,La edad
535 Sube cada anio y no baja que es,La edad
536 Sin pulmones respiro y sin vida crezco que soy,El fuego
537 Voy por el suelo con cordones que soy,El zapato
538 Se dice y se puede quebrar que es,Una promesa
539 Estoy seca te seco y me mojo que soy,La toalla
540 Peino cabellos sin morder que soy,Un peine
541 Desaparezco cuando hablas que soy,El silencio
542 Aumenta contigo y no retrocede que es,La edad
543 En papel hay montanas sin tierra que soy,Un mapa
544 Muestro rios sin agua y ciudades sin casas que soy,Un mapa
545 Soy vacio y crezco cuando me sacan que soy,Un agujero
546 Soy vacio y crezco cuando me sacan que soy,Un agujero
547 Corro sin piernas y muero en el mar que soy,Un rio
548 Nazco en montanas y voy al oceano que soy,Un rio
549 Soy vacio y crezco cuando me sacan que soy,Un agujero
550 Seco tu cuerpo y me empapo que soy,La toalla
551 Soy vacio y crezco cuando me sacan que soy,Un agujero
552 Llega despues y nunca ahora que es,El manana
553 Llega despues y nunca ahora que es,El manana
554 Soy vacio y crezco cuando me sacan que soy,Un agujero
555 Siempre viene pero nunca es hoy que es,El manana
556 Peino cabellos sin morder que soy,Un peine
557 Tengo orejas y no oigo que soy,El maiz
558 Estoy seca te seco y me mojo que soy,La toalla
559 Peino cabellos sin morder que soy,Un peine
560 Doy sombra madera y frutos que soy,Un arbol
561 Tengo lengua y no hablo camino sin pies que soy,El zapato
562 Se rompe sin tocarse que es,Una promesa
563 Nazco con la luz y muero en la oscuridad que soy,La sombra
564 Sin pulmones respiro y sin vida crezco que soy,El fuego
565 Se dice y se puede quebrar que es,Una promesa
566 Me rompes si pronuncias mi nombre que soy,El silencio
567 En papel hay montanas sin tierra que soy,Un mapa
568 Se rompe sin tocarse que es,Una promesa
569 Nazco con la luz y muero en la oscuridad que soy,La sombra
570 Siempre viene pero nunca es hoy que es,El manana
571 Sin pulmones respiro y sin vida crezco que soy,El fuego
572 Sin pulmones respiro y sin vida crezco que soy,El fuego
573 Tengo orejas y no oigo que soy,El maiz
574 Soy vacio y crezco cuando me sacan que soy,Un agujero
575 Tengo cuello sin cabeza y tomo sin boca que soy,La botella
576 Soy delgada y pincho sin ver que soy,La aguja
577 Aumenta contigo y no retrocede que es,La edad
578 En la milpa hay muchas orejas que soy,El maiz
579 Tengo dientes sin hambre que soy,Un peine
580 Desaparezco cuando hablas que soy,El silencio
581 Hago musica y tengo teclas que soy,Un piano
582 Me sigues sin tocarme cruzo agua sin mojarme que soy,La sombra
583 Me rompes si pronuncias mi nombre que soy,El silencio
584 Vivo en cuevas y repito tu voz que soy,El eco
585 Llega despues y nunca ahora que es,El manana
586 Cruzo el agua y no me mojo que soy,La sombra
587 Se rompe sin tocarse que es,Una promesa
588 Doy sombra madera y frutos que soy,Un arbol
589 Tengo un ojo que no mira que soy,La aguja
590 Corro sin piernas y muero en el mar que soy,Un rio
591 Soy delgada y pincho sin ver que soy,La aguja
592 Seco tu cuerpo y me empapo que soy,La toalla
593 Seco tu cuerpo y me empapo que soy,La toalla
594 Seco tu cuerpo y me empapo que soy,La toalla
595 Peino cabellos sin morder que soy,Un peine
596 Aumenta contigo y no retrocede que es,La edad
597 Sin pulmones respiro y sin vida crezco que soy,El fuego
598 Hago musica y tengo teclas que soy,Un piano
599 Soy vacio y crezco cuando me sacan que soy,Un agujero
600 Repito lo que dices sin boca ni oidos que soy,El eco
601 Doy sombra madera y frutos que soy,Un arbol
602 Floto en el cielo y traigo lluvia que soy,Las nubes
603 Floto en el cielo y traigo lluvia que soy,Las nubes
604 Doy sombra madera y frutos que soy,Un arbol
605 Me rompes si pronuncias mi nombre que soy,El silencio
606 Peino cabellos sin morder que soy,Un peine
607 Tengo cuello sin cabeza y tomo sin boca que soy,La botella
608 Nazco con la luz y muero en la oscuridad que soy,La sombra
609 Vuelo sin alas lloro sin ojos dime que soy,Las nubes
610 Tengo lengua y no hablo camino sin pies que soy,El zapato
611 Muestro rios sin agua y ciudades sin casas que soy,Un mapa
612 Vivo en cuevas y repito tu voz que soy,El eco
613 De vidrio o plastico con cuello que soy,La botella
614 Vuelo sin alas lloro sin ojos dime que soy,Las nubes
615 Rojo ardiente me alimenta el aire que soy,El fuego
616 Entre mas me quitan mas grande me vuelvo que soy,Un agujero
617 En papel hay montanas sin tierra que soy,Un mapa
618 Viajo en cartas pegado a una esquina que soy,Un sello
619 Se dice y se puede quebrar que es,Una promesa
620 Soy vacio y crezco cuando me sacan que soy,Un agujero
621 Vuelo sin alas lloro sin ojos dime que soy,Las nubes
622 Tengo orejas y no oigo que soy,El maiz
623 Doy sombra madera y frutos que soy,Un arbol
624 Tengo un ojo que no mira que soy,La aguja
625 Peino cabellos sin morder que soy,Un peine
626 Nazco con la luz y muero en la oscuridad que soy,La sombra
627 Nazco con la luz y muero en la oscuridad que soy,La sombra
628 Tengo muchas llaves y no abro puertas que soy,Un piano
629 Soy vacio y crezco cuando me sacan que soy,Un agujero
630 Voy por el suelo con cordones que soy,El zapato
631 Muestro rios sin agua y ciudades sin casas que soy,Un mapa
632 Repito lo que dices sin boca ni oidos que soy,El eco
633 Doy sombra madera y frutos que soy,Un arbol
634 Floto en el cielo y traigo lluvia que soy,Las nubes
635 Peino cabellos sin morder que soy,Un peine
636 Viajo en cartas pegado a una esquina que soy,Un sello
637 En la milpa hay muchas orejas que soy,El maiz
638 De vidrio o plastico con cuello que soy,La botella
639 Nazco en montanas y voy al oceano que soy,Un rio
640 De vidrio o plastico con cuello que soy,La botella
641 Doy la vuelta al mundo sin moverme del sobre que soy,Un sello
642 Tengo lengua y no hablo camino sin pies que soy,El zapato
643 Corro sin piernas y muero en el mar que soy,Un rio
644 Siempre viene pero nunca es hoy que es,El manana
645 Se rompe sin tocarse que es,Una promesa
646 Nazco con la luz y muero en la oscuridad que soy,La sombra
647 Tengo muchas llaves y no abro puertas que soy,Un piano
648 Seco tu cuerpo y me empapo que soy,La toalla
649 Tengo dientes sin hambre que soy,Un peine
650 Voy por el suelo con cordones que soy,El zapato
651 De vidrio o plastico con cuello que soy,La botella
652 Hago musica y tengo teclas que soy,Un piano
653 Tengo anillos en el tronco y no joyas que soy,Un arbol
654 Tengo dientes sin hambre que soy,Un peine
655 Me rompes si pronuncias mi nombre que soy,El silencio
656 Me sigues sin tocarme cruzo agua sin mojarme que soy,La sombra
657 Desaparezco cuando hablas que soy,El silencio
658 Doy sombra madera y frutos que soy,Un arbol
659 Soy delgada y pincho sin ver que soy,La aguja
660 Rojo ardiente me alimenta el aire que soy,El fuego
661 Seco tu cuerpo y me empapo que soy,La toalla
662 Tengo un ojo que no mira que soy,La aguja
663 Llega despues y nunca ahora que es,El manana
664 En papel hay montanas sin tierra que soy,Un mapa
665 Tengo un ojo que no mira que soy,La aguja
666 Tengo dientes sin hambre que soy,Un peine
667 Nazco con la luz y muero en la oscuridad que soy,La sombra
668 Se dice y se puede quebrar que es,Una promesa
669 De vidrio o plastico con cuello que soy,La botella
670 Tengo un ojo que no mira que soy,La aguja
671 Vuelo sin alas lloro sin ojos dime que soy,Las nubes
672 Tengo cuello sin cabeza y tomo sin boca que soy,La botella
673 Nazco con la luz y muero en la oscuridad que soy,La sombra
674 Doy la vuelta al mundo sin moverme del sobre que soy,Un sello
675 Desaparezco cuando hablas que soy,El silencio
676 Hago musica y tengo teclas que soy,Un piano
677 Siempre viene pero nunca es hoy que es,El manana
678 Siempre viene pero nunca es hoy que es,El manana
679 Tengo dientes sin hambre que soy,Un peine
680 Tengo cuello sin cabeza y tomo sin boca que soy,La botella
681 Se rompe sin tocarse que es,Una promesa
682 Repito lo que dices sin boca ni oidos que soy,El eco
683 Muestro rios sin agua y ciudades sin casas que soy,Un mapa
684 Sube cada anio y no baja que es,La edad
685 Viajo en cartas pegado a una esquina que soy,Un sello
686 Corro sin piernas y muero en el mar que soy,Un rio
687 Se dice y se puede quebrar que es,Una promesa
688 Tengo cuello sin cabeza y tomo sin boca que soy,La botella
689 Sin pulmones respiro y sin vida crezco que soy,El fuego
690 Peino cabellos sin morder que soy,Un peine
691 Me rompes si pronuncias mi nombre que soy,El silencio
692 Se dice y se puede quebrar que es,Una promesa
693 En la milpa hay muchas orejas que soy,El maiz
694 Siempre viene pero nunca es hoy que es,El manana
695 Corro sin piernas y muero en el mar que soy,Un rio
696 Sin pulmones respiro y sin vida crezco que soy,El fuego
697 Vuelo sin alas lloro sin ojos dime que soy,Las nubes
698 Nazco con la luz y muero en la oscuridad que soy,La sombra
699 Tengo orejas y no oigo que soy,El maiz
700 Floto en el cielo y traigo lluvia que soy,Las nubes
701 Se rompe sin tocarse que es,Una promesa
702 Floto en el cielo y traigo lluvia que soy,Las nubes
703 Rojo ardiente me alimenta el aire que soy,El fuego
704 Aumenta contigo y no retrocede que es,La edad
705 Entre mas me quitan mas grande me vuelvo que soy,Un agujero
706 Rojo ardiente me alimenta el aire que soy,El fuego
707 En la milpa hay muchas orejas que soy,El maiz
708 Tengo anillos en el tronco y no joyas que soy,Un arbol
709 Nazco en montanas y voy al oceano que soy,Un rio
710 Nazco en montanas y voy al oceano que soy,Un rio
711 Peino cabellos sin morder que soy,Un peine
712 Doy sombra madera y frutos que soy,Un arbol
713 Voy por el suelo con cordones que soy,El zapato
714 Nazco en montanas y voy al oceano que soy,Un rio
715 Tengo cuello sin cabeza y tomo sin boca que soy,La botella
716 Sube cada anio y no baja que es,La edad
717 Tengo orejas y no oigo que soy,El maiz
718 De vidrio o plastico con cuello que soy,La botella
719 Nazco con la luz y muero en la oscuridad que soy,La sombra
720 Tengo anillos en el tronco y no joyas que soy,Un arbol
721 Vuelo sin alas lloro sin ojos dime que soy,Las nubes
722 En la milpa hay muchas orejas que soy,El maiz
723 Soy delgada y pincho sin ver que soy,La aguja
724 Tengo muchas llaves y no abro puertas que soy,Un piano
725 Tengo dientes sin hambre que soy,Un peine
726 Nazco con la luz y muero en la oscuridad que soy,La sombra
727 En la milpa hay muchas orejas que soy,El maiz
728 Corro sin piernas y muero en el mar que soy,Un rio
729 Soy delgada y pincho sin ver que soy,La aguja
730 Tengo lengua y no hablo camino sin pies que soy,El zapato
731 Me rompes si pronuncias mi nombre que soy,El silencio
732 Repito lo que dices sin boca ni oidos que soy,El eco
733 Se dice y se puede quebrar que es,Una promesa
734 Vivo en cuevas y repito tu voz que soy,El eco
735 Soy delgada y pincho sin ver que soy,La aguja
736 Aumenta contigo y no retrocede que es,La edad
737 Me sigues sin tocarme cruzo agua sin mojarme que soy,La sombra
738 Me rompes si pronuncias mi nombre que soy,El silencio
739 Tengo un ojo que no mira que soy,La aguja
740 Tengo lengua y no hablo camino sin pies que soy,El zapato
741 Tengo muchas llaves y no abro puertas que soy,Un piano
742 Tengo muchas llaves y no abro puertas que soy,Un piano
743 Tengo anillos en el tronco y no joyas que soy,Un arbol
744 Hago musica y tengo teclas que soy,Un piano
745 Tengo muchas llaves y no abro puertas que soy,Un piano
746 Tengo cuello sin cabeza y tomo sin boca que soy,La botella
747 Siempre viene pero nunca es hoy que es,El manana
748 Peino cabellos sin morder que soy,Un peine
749 Soy vacio y crezco cuando me sacan que soy,Un agujero
750 Tengo lengua y no hablo camino sin pies que soy,El zapato
751 Desaparezco cuando hablas que soy,El silencio
752 Estoy seca te seco y me mojo que soy,La toalla
753 Rojo ardiente me alimenta el aire que soy,El fuego
754 Entre mas me quitan mas grande me vuelvo que soy,Un agujero
755 Se rompe sin tocarse que es,Una promesa
756 Tengo orejas y no oigo que soy,El maiz
757 Me rompes si pronuncias mi nombre que soy,El silencio
758 Me sigues sin tocarme cruzo agua sin mojarme que soy,La sombra
759 Tengo orejas y no oigo que soy,El maiz
760 Soy delgada y pincho sin ver que soy,La aguja
761 Doy sombra madera y frutos que soy,Un arbol
762 Tengo un ojo que no mira que soy,La aguja
763 Me sigues sin tocarme cruzo agua sin mojarme que soy,La sombra
764 Se rompe sin tocarse que es,Una promesa
765 Peino cabellos sin morder que soy,Un peine
766 De vidrio o plastico con cuello que soy,La botella
767 Se rompe sin tocarse que es,Una promesa
768 Estoy seca te seco y me mojo que soy,La toalla
769 Aumenta contigo y no retrocede que es,La edad
770 En papel hay montanas sin tierra que soy,Un mapa
771 Tengo orejas y no oigo que soy,El maiz
772 En la milpa hay muchas orejas que soy,El maiz
773 Repito lo que dices sin boca ni oidos que soy,El eco
774 Sin pulmones respiro y sin vida crezco que soy,El fuego
775 Rojo ardiente me alimenta el aire que soy,El fuego
776 De vidrio o plastico con cuello que soy,La botella
777 Rojo ardiente me alimenta el aire que soy,El fuego
778 Sin pulmones respiro y sin vida crezco que soy,El fuego
779 En la milpa hay muchas orejas que soy,El maiz
780 Peino cabellos sin morder que soy,Un peine
781 Aumenta contigo y no retrocede que es,La edad
782 Me sigues sin tocarme cruzo agua sin mojarme que soy,La sombra
783 Doy sombra madera y frutos que soy,Un arbol
784 Peino cabellos sin morder que soy,Un peine
785 Doy la vuelta al mundo sin moverme del sobre que soy,Un sello
786 Aumenta contigo y no retrocede que es,La edad
787 Siempre viene pero nunca es hoy que es,El manana
788 Doy sombra madera y frutos que soy,Un arbol
789 En papel hay montanas sin tierra que soy,Un mapa
790 Doy la vuelta al mundo sin moverme del sobre que soy,Un sello
791 Se dice y se puede quebrar que es,Una promesa
792 Rojo ardiente me alimenta el aire que soy,El fuego
793 Entre mas me quitan mas grande me vuelvo que soy,Un agujero
794 Soy delgada y pincho sin ver que soy,La aguja
795 Sin pulmones respiro y sin vida crezco que soy,El fuego
796 Tengo anillos en el tronco y no joyas que soy,Un arbol
797 Peino cabellos sin morder que soy,Un peine
798 Tengo lengua y no hablo camino sin pies que soy,El zapato
799 Se dice y se puede quebrar que es,Una promesa
800 Floto en el cielo y traigo lluvia que soy,Las nubes
801 Aumenta contigo y no retrocede que es,La edad
802 Se dice y se puede quebrar que es,Una promesa
803 Tengo dientes sin hambre que soy,Un peine
804 Se dice y se puede quebrar que es,Una promesa
805 Floto en el cielo y traigo lluvia que soy,Las nubes
806 Floto en el cielo y traigo lluvia que soy,Las nubes
807 Muestro rios sin agua y ciudades sin casas que soy,Un mapa
808 Peino cabellos sin morder que soy,Un peine
809 En papel hay montanas sin tierra que soy,Un mapa
810 Aumenta contigo y no retrocede que es,La edad
811 Peino cabellos sin morder que soy,Un peine
812 De vidrio o plastico con cuello que soy,La botella
813 Desaparezco cuando hablas que soy,El silencio
814 Doy la vuelta al mundo sin moverme del sobre que soy,Un sello
815 Tengo un ojo que no mira que soy,La aguja
816 En la milpa hay muchas orejas que soy,El maiz
817 Voy por el suelo con cordones que soy,El zapato
818 Repito lo que dices sin boca ni oidos que soy,El eco
819 Me rompes si pronuncias mi nombre que soy,El silencio
820 Soy vacio y crezco cuando me sacan que soy,Un agujero
821 Nazco con la luz y muero en la oscuridad que soy,La sombra
822 Llega despues y nunca ahora que es,El manana
823 Siempre viene pero nunca es hoy que es,El manana
824 Tengo cuello sin cabeza y tomo sin boca que soy,La botella
825 Me sigues sin tocarme cruzo agua sin mojarme que soy,La sombra
826 Tengo orejas y no oigo que soy,El maiz
827 Nazco con la luz y muero en la oscuridad que soy,La sombra
828 Doy la vuelta al mundo sin moverme del sobre que soy,Un sello
829 Me rompes si pronuncias mi nombre que soy,El silencio
830 Rojo ardiente me alimenta el aire que soy,El fuego
831 Tengo cuello sin cabeza y tomo sin boca que soy,La botella
832 Nazco en montanas y voy al oceano que soy,Un rio
833 Voy por el suelo con cordones que soy,El zapato
834 Estoy seca te seco y me mojo que soy,La toalla
835 Tengo lengua y no hablo camino sin pies que soy,El zapato
836 Siempre viene pero nunca es hoy que es,El manana
837 Repito lo que dices sin boca ni oidos que soy,El eco
838 Doy sombra madera y frutos que soy,Un arbol
839 Tengo orejas y no oigo que soy,El maiz
840 Seco tu cuerpo y me empapo que soy,La toalla
841 Sin pulmones respiro y sin vida crezco que soy,El fuego
842 En papel hay montanas sin tierra que soy,Un mapa
843 Corro sin piernas y muero en el mar que soy,Un rio
844 Tengo orejas y no oigo que soy,El maiz
845 Muestro rios sin agua y ciudades sin casas que soy,Un mapa
846 Estoy seca te seco y me mojo que soy,La toalla
847 En la milpa hay muchas orejas que soy,El maiz
848 Llega despues y nunca ahora que es,El manana
849 Vivo en cuevas y repito tu voz que soy,El eco
850 Desaparezco cuando hablas que soy,El silencio
851 Doy la vuelta al mundo sin moverme del sobre que soy,Un sello
852 Tengo cuello sin cabeza y tomo sin boca que soy,La botella
853 Doy la vuelta al mundo sin moverme del sobre que soy,Un sello
854 Tengo anillos en el tronco y no joyas que soy,Un arbol
855 Tengo cuello sin cabeza y tomo sin boca que soy,La botella
856 Muestro rios sin agua y ciudades sin casas que soy,Un mapa
857 Doy sombra madera y frutos que soy,Un arbol
858 Desaparezco cuando hablas que soy,El silencio
859 Muestro rios sin agua y ciudades sin casas que soy,Un mapa
860 Soy delgada y pincho sin ver que soy,La aguja
861 Tengo anillos en el tronco y no joyas que soy,Un arbol
862 Peino cabellos sin morder que soy,Un peine
863 En papel hay montanas sin tierra que soy,Un mapa
864 Se dice y se puede quebrar que es,Una promesa
865 En la milpa hay muchas orejas que soy,El maiz
866 Nazco en montanas y voy al oceano que soy,Un rio
867 Me sigues sin tocarme cruzo agua sin mojarme que soy,La sombra
868 Soy delgada y pincho sin ver que soy,La aguja
869 Doy la vuelta al mundo sin moverme del sobre que soy,Un sello
870 En la milpa hay muchas orejas que soy,El maiz
871 Aumenta contigo y no retrocede que es,La edad
872 Tengo anillos en el tronco y no joyas que soy,Un arbol
873 Entre mas me quitan mas grande me vuelvo que soy,Un agujero
874 Tengo un ojo que no mira que soy,La aguja
875 Tengo lengua y no hablo camino sin pies que soy,El zapato
876 Soy vacio y crezco cuando me sacan que soy,Un agujero
877 Estoy seca te seco y me mojo que soy,La toalla
878 Tiene llaves pero no abre puertas que es,Un piano
879 En la milpa hay muchas orejas que soy,El maiz
880 Repito lo que dices sin boca ni oidos que soy,El eco
881 Peino cabellos sin morder que soy,Un peine
882 Sube cada anio y no baja que es,La edad
883 Aumenta contigo y no retrocede que es,La edad
884 Soy vacio y crezco cuando me sacan que soy,Un agujero
885 Voy por el suelo con cordones que soy,El zapato
886 Sube cada anio y no baja que es,La edad
887 Viajo en cartas pegado a una esquina que soy,Un sello
888 Aumenta contigo y no retrocede que es,La edad
889 Tengo dientes sin hambre que soy,Un peine
890 Se dice y se puede quebrar que es,Una promesa
891 Entre mas me quitan mas grande me vuelvo que soy,Un agujero
892 Aumenta contigo y no retrocede que es,La edad
893 En papel hay montanas sin tierra que soy,Un mapa
894 Tengo cuello sin cabeza y tomo sin boca que soy,La botella
895 Floto en el cielo y traigo lluvia que soy,Las nubes
896 Estoy seca te seco y me mojo que soy,La toalla
897 Doy sombra madera y frutos que soy,Un arbol
898 Me rompes si pronuncias mi nombre que soy,El silencio
899 De vidrio o plastico con cuello que soy,La botella
900 Se rompe sin tocarse que es,Una promesa
901 Vuelo sin alas lloro sin ojos dime que soy,Las nubes
902 Me rompes si pronuncias mi nombre que soy,El silencio
903 Vivo en cuevas y repito tu voz que soy,El eco
904 Vivo en cuevas y repito tu voz que soy,El eco
905 Rojo ardiente me alimenta el aire que soy,El fuego
906 Corro sin piernas y muero en el mar que soy,Un rio
907 Tengo anillos en el tronco y no joyas que soy,Un arbol
908 Tengo muchas llaves y no abro puertas que soy,Un piano
909 Nazco con la luz y muero en la oscuridad que soy,La sombra
910 Seco tu cuerpo y me empapo que soy,La toalla
911 Floto en el cielo y traigo lluvia que soy,Las nubes
912 De vidrio o plastico con cuello que soy,La botella
913 Tengo un ojo que no mira que soy,La aguja
914 Doy la vuelta al mundo sin moverme del sobre que soy,Un sello
915 En la milpa hay muchas orejas que soy,El maiz
916 Sube cada anio y no baja que es,La edad
917 Peino cabellos sin morder que soy,Un peine
918 Seco tu cuerpo y me empapo que soy,La toalla
919 Tengo orejas y no oigo que soy,El maiz
920 Vivo en cuevas y repito tu voz que soy,El eco
921 Corro sin piernas y muero en el mar que soy,Un rio
922 Hago musica y tengo teclas que soy,Un piano
923 Me rompes si pronuncias mi nombre que soy,El silencio
924 Tengo anillos en el tronco y no joyas que soy,Un arbol
925 Voy por el suelo con cordones que soy,El zapato
926 Hago musica y tengo teclas que soy,Un piano
927 En la milpa hay muchas orejas que soy,El maiz
928 Voy por el suelo con cordones que soy,El zapato
929 Floto en el cielo y traigo lluvia que soy,Las nubes
930 Vuelo sin alas lloro sin ojos dime que soy,Las nubes
931 Doy la vuelta al mundo sin moverme del sobre que soy,Un sello
932 Tengo orejas y no oigo que soy,El maiz
933 Tengo muchas llaves y no abro puertas que soy,Un piano
934 Doy la vuelta al mundo sin moverme del sobre que soy,Un sello
935 Tengo dientes sin hambre que soy,Un peine
936 De vidrio o plastico con cuello que soy,La botella
937 Tiene cuello pero no cabeza que es,La botella
938 Floto en el cielo y traigo lluvia que soy,Las nubes
939 Aumenta contigo y no retrocede que es,La edad
940 Vuelo sin alas lloro sin ojos dime que soy,Las nubes
941 Peino cabellos sin morder que soy,Un peine
942 Voy por el suelo con cordones que soy,El zapato
943 Se dice y se puede quebrar que es,Una promesa
944 Hago musica y tengo teclas que soy,Un piano
945 Siempre viene pero nunca es hoy que es,El manana
946 Nazco en montanas y voy al oceano que soy,Un rio
947 Muestro rios sin agua y ciudades sin casas que soy,Un mapa
948 Nazco en montanas y voy al oceano que soy,Un rio
949 Vuelo sin alas lloro sin ojos dime que soy,Las nubes
950 Sube cada anio y no baja que es,La edad
951 Tengo anillos en el tronco y no joyas que soy,Un arbol
952 Siempre viene pero nunca es hoy que es,El manana
953 Soy delgada y pincho sin ver que soy,La aguja
954 Muestro rios sin agua y ciudades sin casas que soy,Un mapa
955 Entre mas me quitan mas grande me vuelvo que soy,Un agujero
956 Peino cabellos sin morder que soy,Un peine
957 Me rompes si pronuncias mi nombre que soy,El silencio
958 Aumenta contigo y no retrocede que es,La edad
959 Hago musica y tengo teclas que soy,Un piano
960 Peino cabellos sin morder que soy,Un peine
961 Sin pulmones respiro y sin vida crezco que soy,El fuego
962 Vivo en cuevas y repito tu voz que soy,El eco
963 Doy la vuelta al mundo sin moverme del sobre que soy,Un sello
964 Muestro rios sin agua y ciudades sin casas que soy,Un mapa
965 Se rompe sin tocarse que es,Una promesa
966 Siempre viene pero nunca es hoy que es,El manana
967 Vivo en cuevas y repito tu voz que soy,El eco
968 En la milpa hay muchas orejas que soy,El maiz
969 Me rompes si pronuncias mi nombre que soy,El silencio
970 Sube cada anio y no baja que es,La edad
971 Nazco con la luz y muero en la oscuridad que soy,La sombra
972 Sube cada anio y no baja que es,La edad
973 Se dice y se puede quebrar que es,Una promesa
974 Aumenta contigo y no retrocede que es,La edad
975 Sin pulmones respiro y sin vida crezco que soy,El fuego
976 Tengo muchas llaves y no abro puertas que soy,Un piano
977 Rojo ardiente me alimenta el aire que soy,El fuego
978 En papel hay montanas sin tierra que soy,Un mapa
979 Tengo lengua y no hablo camino sin pies que soy,El zapato
980 Nazco con la luz y muero en la oscuridad que soy,La sombra
981 Floto en el cielo y traigo lluvia que soy,Las nubes
982 En la milpa hay muchas orejas que soy,El maiz
983 Hago musica y tengo teclas que soy,Un piano
984 Hago musica y tengo teclas que soy,Un piano
985 Muestro rios sin agua y ciudades sin casas que soy,Un mapa
986 Tengo muchas llaves y no abro puertas que soy,Un piano
987 Vivo en cuevas y repito tu voz que soy,El eco
988 Entre mas me quitan mas grande me vuelvo que soy,Un agujero
989 Tengo cuello sin cabeza y tomo sin boca que soy,La botella
990 Vivo en cuevas y repito tu voz que soy,El eco
991 Doy sombra madera y frutos que soy,Un arbol
992 Doy la vuelta al mundo sin moverme del sobre que soy,Un sello
993 Muestro rios sin agua y ciudades sin casas que soy,Un mapa
994 Llega despues y nunca ahora que es,El manana
995 Voy por el suelo con cordones que soy,El zapato
996 Sube cada anio y no baja que es,La edad
997 Siempre viene pero nunca es hoy que es,El manana
998 Corro sin piernas y muero en el mar que soy,Un rio
999 Se dice y se puede quebrar que es,Una promesa
1000 Aumenta contigo y no retrocede que es,La edad
1001 De vidrio o plastico con cuello que soy,La botella
1002 De vidrio o plastico con cuello que soy,La botella
1003 Sube y nunca baja que es,La edad
1004 Tengo anillos en el tronco y no joyas que soy,Un arbol
1005 Tengo dientes sin hambre que soy,Un peine
1006 Vuelo sin alas lloro sin ojos dime que soy,Las nubes
1007 Floto en el cielo y traigo lluvia que soy,Las nubes
1008 Rojo ardiente me alimenta el aire que soy,El fuego
1009 Me rompes si pronuncias mi nombre que soy,El silencio
1010 Peino cabellos sin morder que soy,Un peine
1011 Tengo muchas llaves y no abro puertas que soy,Un piano
1012 Aumenta contigo y no retrocede que es,La edad
1013 Vivo en cuevas y repito tu voz que soy,El eco
1014 Doy la vuelta al mundo sin moverme del sobre que soy,Un sello
1015 Doy sombra madera y frutos que soy,Un arbol
1016 Floto en el cielo y traigo lluvia que soy,Las nubes
1017 Doy la vuelta al mundo sin moverme del sobre que soy,Un sello
1018 Tengo un ojo que no mira que soy,La aguja
1019 Soy delgada y pincho sin ver que soy,La aguja
1020 Repito lo que dices sin boca ni oidos que soy,El eco
1021 Seco tu cuerpo y me empapo que soy,La toalla
1022 Aumenta contigo y no retrocede que es,La edad
1023 Me sigues sin tocarme cruzo agua sin mojarme que soy,La sombra
1024 En la milpa hay muchas orejas que soy,El maiz
1025 Sube cada anio y no baja que es,La edad
1026 Tengo un ojo que no mira que soy,La aguja
1027 Tengo anillos en el tronco y no joyas que soy,Un arbol
1028 Tengo un ojo que no mira que soy,La aguja
1029 Se rompe sin tocarse que es,Una promesa
1030 Tengo anillos en el tronco y no joyas que soy,Un arbol
1031 Voy por el suelo con cordones que soy,El zapato
1032 Floto en el cielo y traigo lluvia que soy,Las nubes
1033 Muestro rios sin agua y ciudades sin casas que soy,Un mapa
1034 Sube cada anio y no baja que es,La edad
1035 Muestro rios sin agua y ciudades sin casas que soy,Un mapa
1036 Muestro rios sin agua y ciudades sin casas que soy,Un mapa
1037 Vuelo sin alas lloro sin ojos dime que soy,Las nubes
1038 Desaparezco cuando hablas que soy,El silencio
1039 Floto en el cielo y traigo lluvia que soy,Las nubes
1040 Me sigues sin tocarme cruzo agua sin mojarme que soy,La sombra
1041 Tengo lengua y no hablo camino sin pies que soy,El zapato
1042 Voy por el suelo con cordones que soy,El zapato
1043 En papel hay montanas sin tierra que soy,Un mapa
1044 Soy vacio y crezco cuando me sacan que soy,Un agujero
1045 Tengo dientes sin hambre que soy,Un peine
1046 Hago musica y tengo teclas que soy,Un piano
1047 Soy vacio y crezco cuando me sacan que soy,Un agujero
1048 Repito lo que dices sin boca ni oidos que soy,El eco
1049 Vivo en cuevas y repito tu voz que soy,El eco
1050 Corro sin piernas y muero en el mar que soy,Un rio
1051 Soy delgada y pincho sin ver que soy,La aguja
1052 Viajo en cartas pegado a una esquina que soy,Un sello
1053 En la milpa hay muchas orejas que soy,El maiz
1054 Doy la vuelta al mundo sin moverme del sobre que soy,Un sello
1055 De vidrio o plastico con cuello que soy,La botella
1056 Tengo un ojo que no mira que soy,La aguja
1057 Viajo en cartas pegado a una esquina que soy,Un sello
1058 Doy sombra madera y frutos que soy,Un arbol
1059 Se rompe sin tocarse que es,Una promesa
1060 Estoy seca te seco y me mojo que soy,La toalla
1061 Doy sombra madera y frutos que soy,Un arbol
1062 Seco tu cuerpo y me empapo que soy,La toalla
1063 Peino cabellos sin morder que soy,Un peine
1064 Estoy seca te seco y me mojo que soy,La toalla
1065 Tengo un ojo que no mira que soy,La aguja
1066 Vivo en cuevas y repito tu voz que soy,El eco
1067 Me sigues sin tocarme cruzo agua sin mojarme que soy,La sombra
1068 Tengo anillos y no dedos que soy,Un arbol
1069 Tengo cuello sin cabeza y tomo sin boca que soy,La botella
1070 Estoy seca te seco y me mojo que soy,La toalla
1071 Corro sin piernas y muero en el mar que soy,Un rio
1072 Me rompes si pronuncias mi nombre que soy,El silencio
1073 Vivo en cuevas y repito tu voz que soy,El eco
1074 Llega despues y nunca ahora que es,El manana
1075 En la milpa hay muchas orejas que soy,El maiz
1076 Rojo ardiente me alimenta el aire que soy,El fuego
1077 Estoy seca te seco y me mojo que soy,La toalla
1078 Vuelo sin alas lloro sin ojos dime que soy,Las nubes
1079 Se rompe sin tocarse que es,Una promesa
1080 Doy la vuelta al mundo sin moverme del sobre que soy,Un sello
1081 Estoy seca te seco y me mojo que soy,La toalla
1082 Soy vacio y crezco cuando me sacan que soy,Un agujero
1083 Voy por el suelo con cordones que soy,El zapato
1084 Sin pulmones respiro y sin vida crezco que soy,El fuego
1085 Peino cabellos sin morder que soy,Un peine
1086 Vuelo sin alas lloro sin ojos dime que soy,Las nubes
1087 Llega despues y nunca ahora que es,El manana
1088 Tengo anillos en el tronco y no joyas que soy,Un arbol
1089 Me rompes si pronuncias mi nombre que soy,El silencio
1090 Tengo dientes sin hambre que soy,Un peine
1091 Vivo en cuevas y repito tu voz que soy,El eco
1092 Voy por el suelo con cordones que soy,El zapato
1093 Llega despues y nunca ahora que es,El manana
1094 Nazco en montanas y voy al oceano que soy,Un rio
1095 Corro sin piernas y muero en el mar que soy,Un rio
1096 Viajo en cartas pegado a una esquina que soy,Un sello
1097 Me rompes si pronuncias mi nombre que soy,El silencio
1098 Voy por el suelo con cordones que soy,El zapato
1099 Soy vacio y crezco cuando me sacan que soy,Un agujero
1100 Repito lo que dices sin boca ni oidos que soy,El eco
1101 Floto en el cielo y traigo lluvia que soy,Las nubes
1102 Viajo en cartas pegado a una esquina que soy,Un sello
1103 En la milpa hay muchas orejas que soy,El maiz
1104 Peino cabellos sin morder que soy,Un peine
1105 Entre mas me quitan mas grande me vuelvo que soy,Un agujero
1106 Hago musica y tengo teclas que soy,Un piano
1107 Nazco en montanas y voy al oceano que soy,Un rio
1108 Doy la vuelta al mundo sin moverme del sobre que soy,Un sello
1109 Tengo muchas llaves y no abro puertas que soy,Un piano
1110 Me sigues sin tocarme cruzo agua sin mojarme que soy,La sombra
1111 Me sigues sin tocarme cruzo agua sin mojarme que soy,La sombra
1112 Vuelo sin alas lloro sin ojos dime que soy,Las nubes
1113 Viajo en cartas pegado a una esquina que soy,Un sello
1114 En papel hay montanas sin tierra que soy,Un mapa
1115 Nazco en montanas y voy al oceano que soy,Un rio
1116 Tengo orejas y no oigo que soy,El maiz
1117 Tengo cuello sin cabeza y tomo sin boca que soy,La botella
1118 Corro sin piernas y muero en el mar que soy,Un rio
1119 Rojo ardiente me alimenta el aire que soy,El fuego
1120 Tengo cuello sin cabeza y tomo sin boca que soy,La botella
1121 Voy por el suelo con cordones que soy,El zapato
1122 En la milpa hay muchas orejas que soy,El maiz
1123 En la milpa hay muchas orejas que soy,El maiz
1124 En la milpa hay muchas orejas que soy,El maiz
1125 Voy por el suelo con cordones que soy,El zapato
1126 Floto en el cielo y traigo lluvia que soy,Las nubes
1127 Aumenta contigo y no retrocede que es,La edad
1128 Doy sombra madera y frutos que soy,Un arbol
1129 Desaparezco cuando hablas que soy,El silencio
1130 Estoy seca te seco y me mojo que soy,La toalla
1131 Tengo dientes sin hambre que soy,Un peine
1132 Sube cada anio y no baja que es,La edad
1133 Repito lo que dices sin boca ni oidos que soy,El eco
1134 Seco tu cuerpo y me empapo que soy,La toalla
1135 Soy delgada y pincho sin ver que soy,La aguja
1136 Siempre viene pero nunca es hoy que es,El manana
1137 Vivo en cuevas y repito tu voz que soy,El eco
1138 Vuelo sin alas lloro sin ojos dime que soy,Las nubes
1139 Tengo cuello sin cabeza y tomo sin boca que soy,La botella
1140 Voy por el suelo con cordones que soy,El zapato
1141 Tengo lengua y no hablo camino sin pies que soy,El zapato
1142 Viajo en cartas pegado a una esquina que soy,Un sello
1143 Peino cabellos sin morder que soy,Un peine
1144 Estoy seca te seco y me mojo que soy,La toalla
1145 Repito lo que dices sin boca ni oidos que soy,El eco
1146 Corro sin piernas y muero en el mar que soy,Un rio
1147 Tengo un ojo que no mira que soy,La aguja
1148 Doy sombra madera y frutos que soy,Un arbol
1149 Muestro rios sin agua y ciudades sin casas que soy,Un mapa
1150 Me sigues sin tocarme cruzo agua sin mojarme que soy,La sombra
1151 Siempre viene pero nunca es hoy que es,El manana
1152 Sube cada anio y no baja que es,La edad
1153 Viajo en cartas pegado a una esquina que soy,Un sello
1154 Se dice y se puede quebrar que es,Una promesa
1155 Se dice y se puede quebrar que es,Una promesa
1156 Hago musica y tengo teclas que soy,Un piano
1157 Nazco con la luz y muero en la oscuridad que soy,La sombra
1158 Floto en el cielo y traigo lluvia que soy,Las nubes
1159 Doy sombra madera y frutos que soy,Un arbol
1160 Seco tu cuerpo y me empapo que soy,La toalla
1161 Soy vacio y crezco cuando me sacan que soy,Un agujero
1162 Voy por el suelo con cordones que soy,El zapato
1163 Nazco en montanas y voy al oceano que soy,Un rio
1164 Tengo anillos en el tronco y no joyas que soy,Un arbol
1165 Aumenta contigo y no retrocede que es,La edad
1166 En la milpa hay muchas orejas que soy,El maiz
1167 Corro sin piernas y muero en el mar que soy,Un rio
1168 Tengo un ojo que no mira que soy,La aguja
1169 Vivo en cuevas y repito tu voz que soy,El eco
1170 Rojo ardiente me alimenta el aire que soy,El fuego
1171 Sin pulmones respiro y sin vida crezco que soy,El fuego
1172 Tengo anillos en el tronco y no joyas que soy,Un arbol
1173 Doy sombra madera y frutos que soy,Un arbol
1174 Viajo en cartas pegado a una esquina que soy,Un sello
1175 Sin pulmones respiro y sin vida crezco que soy,El fuego
1176 Llega despues y nunca ahora que es,El manana
1177 Hago musica y tengo teclas que soy,Un piano
1178 Me rompes si pronuncias mi nombre que soy,El silencio
1179 Estoy seca te seco y me mojo que soy,La toalla
1180 Sube cada anio y no baja que es,La edad
1181 Desaparezco cuando hablas que soy,El silencio
1182 Nazco en montanas y voy al oceano que soy,Un rio
1183 En la milpa hay muchas orejas que soy,El maiz
1184 Viajo en cartas pegado a una esquina que soy,Un sello
1185 En la milpa hay muchas orejas que soy,El maiz
1186 Peino cabellos sin morder que soy,Un peine
1187 Tengo un ojo que no mira que soy,La aguja
1188 Soy delgada y pincho sin ver que soy,La aguja
1189 Tengo dientes sin hambre que soy,Un peine
1190 Tengo anillos en el tronco y no joyas que soy,Un arbol
1191 Desaparezco cuando hablas que soy,El silencio
1192 Doy la vuelta al mundo sin moverme del sobre que soy,Un sello
1193 En papel hay montanas sin tierra que soy,Un mapa
1194 Hago musica y tengo teclas que soy,Un piano
1195 Aumenta contigo y no retrocede que es,La edad
1196 Hago musica y tengo teclas que soy,Un piano
1197 Peino cabellos sin morder que soy,Un peine
1198 Sin pulmones respiro y sin vida crezco que soy,El fuego
1199 Me sigues sin tocarme cruzo agua sin mojarme que soy,La sombra
1200 Repito lo que dices sin boca ni oidos que soy,El eco
1201 Vuelo sin alas lloro sin ojos dime que soy,Las nubes
1202 Sin pulmones respiro y sin vida crezco que soy,El fuego
1203 Se dice y se puede quebrar que es,Una promesa
1204 Tengo lengua y no hablo camino sin pies que soy,El zapato
1205 Vuelo sin alas lloro sin ojos dime que soy,Las nubes
1206 Hago musica y tengo teclas que soy,Un piano
1207 Muestro rios sin agua y ciudades sin casas que soy,Un mapa
1208 Tengo orejas y no oigo que soy,El maiz
1209 Estoy seca te seco y me mojo que soy,La toalla
1210 Tengo cuello sin cabeza y tomo sin boca que soy,La botella
1211 Se rompe sin tocarse que es,Una promesa
1212 Tengo dientes sin hambre que soy,Un peine
1213 Viajo en cartas pegado a una esquina que soy,Un sello
1214 Tengo dientes sin hambre que soy,Un peine
1215 Se dice y se puede quebrar que es,Una promesa
1216 Tengo cuello sin cabeza y tomo sin boca que soy,La botella
1217 En la milpa hay muchas orejas que soy,El maiz
1218 Muestro rios sin agua y ciudades sin casas que soy,Un mapa
1219 Peino cabellos sin morder que soy,Un peine
1220 Tengo un ojo que no mira que soy,La aguja
1221 Tengo cuello sin cabeza y tomo sin boca que soy,La botella
1222 Muestro rios sin agua y ciudades sin casas que soy,Un mapa
1223 En la milpa hay muchas orejas que soy,El maiz
1224 Vuelo sin alas lloro sin ojos dime que soy,Las nubes
1225 Soy delgada y pincho sin ver que soy,La aguja
1226 Tengo cuello sin cabeza y tomo sin boca que soy,La botella
1227 En papel hay montanas sin tierra que soy,Un mapa
1228 Repito lo que dices sin boca ni oidos que soy,El eco
1229 Vuelo sin alas lloro sin ojos dime que soy,Las nubes
1230 Doy la vuelta al mundo sin moverme del sobre que soy,Un sello
1231 Tengo lengua y no hablo camino sin pies que soy,El zapato
1232 Aumenta contigo y no retrocede que es,La edad
1233 Doy sombra madera y frutos que soy,Un arbol
1234 Sube cada anio y no baja que es,La edad
1235 Se dice y se puede quebrar que es,Una promesa
1236 Entre mas me quitan mas grande me vuelvo que soy,Un agujero
1237 Nazco con la luz y muero en la oscuridad que soy,La sombra
1238 Corro sin piernas y muero en el mar que soy,Un rio
1239 Tengo dientes sin hambre que soy,Un peine
1240 Entre mas me quitan mas grande me vuelvo que soy,Un agujero
1241 Desaparezco cuando hablas que soy,El silencio
1242 Estoy seca te seco y me mojo que soy,La toalla
1243 Peino cabellos sin morder que soy,Un peine
1244 Nazco con la luz y muero en la oscuridad que soy,La sombra
1245 Nazco en montanas y voy al oceano que soy,Un rio
1246 Vivo en cuevas y repito tu voz que soy,El eco
1247 Desaparezco cuando hablas que soy,El silencio
1248 Tengo orejas y no oigo que soy,El maiz
1249 Me rompes si pronuncias mi nombre que soy,El silencio
1250 Floto en el cielo y traigo lluvia que soy,Las nubes
1251 Soy delgada y pincho sin ver que soy,La aguja
1252 Corro sin piernas y muero en el mar que soy,Un rio
1253 Rojo ardiente me alimenta el aire que soy,El fuego
1254 Siempre viene pero nunca es hoy que es,El manana
1255 Soy delgada y pincho sin ver que soy,La aguja
1256 Soy vacio y crezco cuando me sacan que soy,Un agujero
1257 Tengo dientes sin hambre que soy,Un peine
1258 Soy vacio y crezco cuando me sacan que soy,Un agujero
1259 Tengo un ojo que no mira que soy,La aguja
1260 Doy sombra madera y frutos que soy,Un arbol
1261 Me rompes si pronuncias mi nombre que soy,El silencio
1262 Desaparezco cuando hablas que soy,El silencio
1263 Se rompe sin tocarse que es,Una promesa
1264 Rojo ardiente me alimenta el aire que soy,El fuego
1265 Soy delgada y pincho sin ver que soy,La aguja
1266 Se rompe sin tocarse que es,Una promesa
1267 Corro sin piernas y muero en el mar que soy,Un rio
1268 Sin pulmones respiro y sin vida crezco que soy,El fuego
1269 Repito lo que dices sin boca ni oidos que soy,El eco
1270 Desaparezco cuando hablas que soy,El silencio
1271 Soy vacio y crezco cuando me sacan que soy,Un agujero
1272 Entre mas me quitan mas grande me vuelvo que soy,Un agujero
1273 Rojo ardiente me alimenta el aire que soy,El fuego
1274 Sube cada anio y no baja que es,La edad
1275 Voy por el suelo con cordones que soy,El zapato
1276 Sube cada anio y no baja que es,La edad
1277 Vivo en cuevas y repito tu voz que soy,El eco
1278 Tengo orejas y no oigo que soy,El maiz
1279 Tengo lengua y no hablo camino sin pies que soy,El zapato
1280 Tengo un ojo que no mira que soy,La aguja
1281 Peino cabellos sin morder que soy,Un peine
1282 Tengo orejas y no oigo que soy,El maiz
1283 Vivo en cuevas y repito tu voz que soy,El eco
1284 Me sigues sin tocarme cruzo agua sin mojarme que soy,La sombra
1285 Tengo un ojo que no mira que soy,La aguja
1286 Tiene un ojo pero no ve que es,La aguja
1287 Floto en el cielo y traigo lluvia que soy,Las nubes
1288 Tengo un ojo que no mira que soy,La aguja
1289 Vivo en cuevas y repito tu voz que soy,El eco
1290 Me rompes si pronuncias mi nombre que soy,El silencio
1291 Vivo en cuevas y repito tu voz que soy,El eco
1292 Entre mas me quitan mas grande me vuelvo que soy,Un agujero
1293 Tengo anillos en el tronco y no joyas que soy,Un arbol
1294 Nazco en montanas y voy al oceano que soy,Un rio
1295 Corro sin piernas y muero en el mar que soy,Un rio
1296 Doy la vuelta al mundo sin moverme del sobre que soy,Un sello
1297 Tengo orejas y no oigo que soy,El maiz
1298 Sin pulmones respiro y sin vida crezco que soy,El fuego
1299 Repito lo que dices sin boca ni oidos que soy,El eco
1300 Nazco en montanas y voy al oceano que soy,Un rio
1301 En la milpa hay muchas orejas que soy,El maiz
1302 Repito lo que dices sin boca ni oidos que soy,El eco
1303 Doy la vuelta al mundo sin moverme del sobre que soy,Un sello
1304 En papel hay montanas sin tierra que soy,Un mapa
1305 Tengo dientes sin hambre que soy,Un peine
1306 Doy la vuelta al mundo sin moverme del sobre que soy,Un sello
1307 Tengo un ojo que no mira que soy,La aguja
1308 Hago musica y tengo teclas que soy,Un piano
1309 Seco tu cuerpo y me empapo que soy,La toalla
1310 Corro sin piernas y muero en el mar que soy,Un rio
1311 Tengo un ojo que no mira que soy,La aguja
1312 Sin pulmones respiro y sin vida crezco que soy,El fuego
1313 Soy delgada y pincho sin ver que soy,La aguja
1314 Corro sin piernas y muero en el mar que soy,Un rio
1315 Repito lo que dices sin boca ni oidos que soy,El eco
1316 Desaparezco cuando hablas que soy,El silencio
1317 Rojo ardiente me alimenta el aire que soy,El fuego
1318 Se rompe sin tocarse que es,Una promesa
1319 Repito lo que dices sin boca ni oidos que soy,El eco
1320 Tengo cuello sin cabeza y tomo sin boca que soy,La botella
1321 Seco tu cuerpo y me empapo que soy,La toalla
1322 Viajo en cartas pegado a una esquina que soy,Un sello
1323 Se dice y se puede quebrar que es,Una promesa
1324 En papel hay montanas sin tierra que soy,Un mapa
1325 Hago musica y tengo teclas que soy,Un piano
1326 Peino cabellos sin morder que soy,Un peine
1327 En la milpa hay muchas orejas que soy,El maiz
1328 Sin pulmones respiro y sin vida crezco que soy,El fuego
1329 Me rompes si pronuncias mi nombre que soy,El silencio
1330 Vuelo sin alas y lloro sin ojos que soy,Las nubes
1331 Me rompes si pronuncias mi nombre que soy,El silencio
1332 Nazco con la luz y muero en la oscuridad que soy,La sombra
1333 Siempre viene pero nunca es hoy que es,El manana
1334 Hago musica y tengo teclas que soy,Un piano
1335 Tengo un ojo que no mira que soy,La aguja
1336 Estoy seca te seco y me mojo que soy,La toalla
1337 Tengo orejas y no oigo que soy,El maiz
1338 Se rompe sin tocarse que es,Una promesa
1339 Me rompes si pronuncias mi nombre que soy,El silencio
1340 Llega despues y nunca ahora que es,El manana
1341 Tengo dientes sin hambre que soy,Un peine
1342 Corro sin piernas y muero en el mar que soy,Un rio
1343 Nazco en montanas y voy al oceano que soy,Un rio
1344 Nazco con la luz y muero en la oscuridad que soy,La sombra
1345 Viajo en cartas pegado a una esquina que soy,Un sello
1346 Vivo en cuevas y repito tu voz que soy,El eco
1347 Aumenta contigo y no retrocede que es,La edad
1348 Corro sin piernas y muero en el mar que soy,Un rio
1349 Voy por el suelo con cordones que soy,El zapato
1350 Llega despues y nunca ahora que es,El manana
1351 Floto en el cielo y traigo lluvia que soy,Las nubes
1352 Estoy seca te seco y me mojo que soy,La toalla
1353 Entre mas me quitan mas grande me vuelvo que soy,Un agujero
1354 Tengo anillos en el tronco y no joyas que soy,Un arbol
1355 Viajo en cartas pegado a una esquina que soy,Un sello
1356 Vivo en cuevas y repito tu voz que soy,El eco
1357 Soy delgada y pincho sin ver que soy,La aguja
1358 Vivo en cuevas y repito tu voz que soy,El eco
1359 Entre mas me quitan mas grande me vuelvo que soy,Un agujero
1360 Sin pulmones respiro y sin vida crezco que soy,El fuego
1361 Tengo dientes sin hambre que soy,Un peine
1362 Me rompes si pronuncias mi nombre que soy,El silencio
1363 Entre mas me quitan mas grande me vuelvo que soy,Un agujero
1364 Peino cabellos sin morder que soy,Un peine
1365 Aumenta contigo y no retrocede que es,La edad
1366 Entre mas me quitan mas grande me vuelvo que soy,Un agujero
1367 Se dice y se puede quebrar que es,Una promesa
1368 Doy la vuelta al mundo sin moverme del sobre que soy,Un sello
1369 Tengo cuello sin cabeza y tomo sin boca que soy,La botella
1370 Entre mas me quitan mas grande me vuelvo que soy,Un agujero
1371 Llega despues y nunca ahora que es,El manana
1372 Rojo ardiente me alimenta el aire que soy,El fuego
1373 Repito lo que dices sin boca ni oidos que soy,El eco
1374 Corro sin piernas y muero en el mar que soy,Un rio
1375 Soy delgada y pincho sin ver que soy,La aguja
1376 Tengo cuello sin cabeza y tomo sin boca que soy,La botella
1377 Voy por el suelo con cordones que soy,El zapato
1378 Sube cada anio y no baja que es,La edad
1379 Me rompes si pronuncias mi nombre que soy,El silencio
1380 Hago musica y tengo teclas que soy,Un piano
1381 Entre mas me quitan mas grande me vuelvo que soy,Un agujero
1382 Seco tu cuerpo y me empapo que soy,La toalla
1383 Tengo anillos en el tronco y no joyas que soy,Un arbol
1384 Estoy seca te seco y me mojo que soy,La toalla
1385 Corro sin piernas y muero en el mar que soy,Un rio
1386 Me rompes si pronuncias mi nombre que soy,El silencio
1387 Estoy seca te seco y me mojo que soy,La toalla
1388 En papel hay montanas sin tierra que soy,Un mapa
1389 En la milpa hay muchas orejas que soy,El maiz
1390 Sube cada anio y no baja que es,La edad
1391 Me sigues sin tocarme cruzo agua sin mojarme que soy,La sombra
1392 Tengo cuello sin cabeza y tomo sin boca que soy,La botella
1393 Floto en el cielo y traigo lluvia que soy,Las nubes
1394 Rojo ardiente me alimenta el aire que soy,El fuego
1395 Nazco con la luz y muero en la oscuridad que soy,La sombra
1396 Hago musica y tengo teclas que soy,Un piano
1397 Se dice y se puede quebrar que es,Una promesa
1398 Sin pulmones respiro y sin vida crezco que soy,El fuego
1399 Entre mas me quitan mas grande me vuelvo que soy,Un agujero
1400 Soy vacio y crezco cuando me sacan que soy,Un agujero
1401 Doy sombra madera y frutos que soy,Un arbol
1402 En papel hay montanas sin tierra que soy,Un mapa
1403 Tengo anillos en el tronco y no joyas que soy,Un arbol
1404 Se rompe sin tocarse que es,Una promesa
1405 Sin pulmones respiro y sin vida crezco que soy,El fuego
1406 Repito lo que dices sin boca ni oidos que soy,El eco
1407 Estoy seca te seco y me mojo que soy,La toalla
1408 Voy por el suelo con cordones que soy,El zapato
1409 Tengo cuello sin cabeza y tomo sin boca que soy,La botella
1410 Seco tu cuerpo y me empapo que soy,La toalla
1411 Floto en el cielo y traigo lluvia que soy,Las nubes
1412 Corro sin piernas y muero en el mar que soy,Un rio
1413 Corro sin piernas y muero en el mar que soy,Un rio
1414 Tengo dientes sin hambre que soy,Un peine
1415 Tengo lengua y no hablo camino sin pies que soy,El zapato
1416 Entre mas me quitan mas grande me vuelvo que soy,Un agujero
1417 Tengo lengua y no hablo camino sin pies que soy,El zapato
1418 Corro sin piernas y muero en el mar que soy,Un rio
1419 Muestro rios sin agua y ciudades sin casas que soy,Un mapa
1420 Doy sombra madera y frutos que soy,Un arbol
1421 Floto en el cielo y traigo lluvia que soy,Las nubes
1422 Sube cada anio y no baja que es,La edad
1423 Tengo cuello sin cabeza y tomo sin boca que soy,La botella
1424 Siempre viene pero nunca es hoy que es,El manana
1425 Me rompes si pronuncias mi nombre que soy,El silencio
1426 Me rompes si pronuncias mi nombre que soy,El silencio
1427 Voy por el suelo con cordones que soy,El zapato
1428 Nazco con la luz y muero en la oscuridad que soy,La sombra
1429 Tengo orejas y no oigo que soy,El maiz
1430 De vidrio o plastico con cuello que soy,La botella
1431 Viajo en cartas pegado a una esquina que soy,Un sello
1432 Me rompes si pronuncias mi nombre que soy,El silencio
1433 Siempre viene pero nunca es hoy que es,El manana
1434 Nazco con la luz y muero en la oscuridad que soy,La sombra
1435 Nazco con la luz y muero en la oscuridad que soy,La sombra
1436 Entre mas me quitan mas grande me vuelvo que soy,Un agujero
1437 Rojo ardiente me alimenta el aire que soy,El fuego
1438 Soy vacio y crezco cuando me sacan que soy,Un agujero
1439 Muestro rios sin agua y ciudades sin casas que soy,Un mapa
1440 Tengo dientes sin hambre que soy,Un peine
1441 Tengo muchas llaves y no abro puertas que soy,Un piano
1442 Nazco con la luz y muero en la oscuridad que soy,La sombra
1443 Estoy seca te seco y me mojo que soy,La toalla
1444 Se dice y se puede quebrar que es,Una promesa
1445 Soy vacio y crezco cuando me sacan que soy,Un agujero
1446 Se rompe sin tocarse que es,Una promesa
1447 Sube cada anio y no baja que es,La edad
1448 De vidrio o plastico con cuello que soy,La botella
1449 Sube cada anio y no baja que es,La edad
1450 Peino cabellos sin morder que soy,Un peine
1451 Se rompe sin tocarse que es,Una promesa
1452 Tengo lengua y no hablo camino sin pies que soy,El zapato
1453 Muestro rios sin agua y ciudades sin casas que soy,Un mapa
1454 Muestro rios sin agua y ciudades sin casas que soy,Un mapa
1455 Aumenta contigo y no retrocede que es,La edad
1456 Nazco con la luz y muero en la oscuridad que soy,La sombra
1457 Tengo un ojo que no mira que soy,La aguja
1458 Sube cada anio y no baja que es,La edad
1459 Tengo anillos en el tronco y no joyas que soy,Un arbol
1460 Voy por el suelo con cordones que soy,El zapato
1461 Tengo dientes sin hambre que soy,Un peine
1462 Seco tu cuerpo y me empapo que soy,La toalla
1463 Nazco con la luz y muero en la oscuridad que soy,La sombra
1464 Doy sombra madera y frutos que soy,Un arbol
1465 Muestro rios sin agua y ciudades sin casas que soy,Un mapa
1466 Siempre viene pero nunca es hoy que es,El manana
1467 Nazco en montanas y voy al oceano que soy,Un rio
1468 Tengo muchas llaves y no abro puertas que soy,Un piano
1469 Repito lo que dices sin boca ni oidos que soy,El eco
1470 Corro sin piernas y muero en el mar que soy,Un rio
1471 En papel hay montanas sin tierra que soy,Un mapa
1472 Siempre viene pero nunca es hoy que es,El manana
1473 Doy la vuelta al mundo sin moverme del sobre que soy,Un sello
1474 Tengo lengua y no hablo camino sin pies que soy,El zapato
1475 Hago musica y tengo teclas que soy,Un piano
1476 Me sigues sin tocarme cruzo agua sin mojarme que soy,La sombra
1477 Me rompes si pronuncias mi nombre que soy,El silencio
1478 Tengo muchas orejas y no oigo que soy,El maiz
1479 Soy delgada y pincho sin ver que soy,La aguja
1480 Hago musica y tengo teclas que soy,Un piano
1481 Doy sombra madera y frutos que soy,Un arbol
1482 Sube cada anio y no baja que es,La edad
1483 Tengo un ojo que no mira que soy,La aguja
1484 Me rompes si pronuncias mi nombre que soy,El silencio
1485 De vidrio o plastico con cuello que soy,La botella
1486 Tengo dientes sin hambre que soy,Un peine
1487 De vidrio o plastico con cuello que soy,La botella
1488 Desaparezco cuando hablas que soy,El silencio
1489 Siempre viene pero nunca es hoy que es,El manana
1490 Hago musica y tengo teclas que soy,Un piano
1491 Sin pulmones respiro y sin vida crezco que soy,El fuego
1492 Estoy seca te seco y me mojo que soy,La toalla
1493 Tengo dientes sin hambre que soy,Un peine
1494 Entre mas me quitan mas grande me vuelvo que soy,Un agujero
1495 Tengo un ojo que no mira que soy,La aguja
1496 Vivo en cuevas y repito tu voz que soy,El eco
1497 Tengo un ojo que no mira que soy,La aguja
1498 Corro sin piernas y muero en el mar que soy,Un rio
1499 Hago musica y tengo teclas que soy,Un piano
1500 Seco tu cuerpo y me empapo que soy,La toalla
1501 Nazco en montanas y voy al oceano que soy,Un rio
1502 De vidrio o plastico con cuello que soy,La botella
1503 Tengo cuello sin cabeza y tomo sin boca que soy,La botella
1504 Nazco en montanas y voy al oceano que soy,Un rio
1505 Nazco con la luz y muero en la oscuridad que soy,La sombra
1506 Voy por el suelo con cordones que soy,El zapato
1507 Soy vacio y crezco cuando me sacan que soy,Un agujero
1508 Sin pulmones respiro y sin vida crezco que soy,El fuego
1509 Tengo muchas llaves y no abro puertas que soy,Un piano
1510 Aumenta contigo y no retrocede que es,La edad
1511 Soy delgada y pincho sin ver que soy,La aguja
1512 De vidrio o plastico con cuello que soy,La botella
1513 Me sigues sin tocarme cruzo agua sin mojarme que soy,La sombra
1514 Tengo un ojo que no mira que soy,La aguja
1515 Tengo lengua y no hablo camino sin pies que soy,El zapato
1516 Vuelo sin alas lloro sin ojos dime que soy,Las nubes
1517 Voy por el suelo con cordones que soy,El zapato
1518 Peino cabellos sin morder que soy,Un peine
1519 Aumenta contigo y no retrocede que es,La edad
1520 Voy por el suelo con cordones que soy,El zapato
1521 En papel hay montanas sin tierra que soy,Un mapa
1522 Hago musica y tengo teclas que soy,Un piano
1523 Nazco en montanas y voy al oceano que soy,Un rio
1524 Desaparezco cuando hablas que soy,El silencio
1525 Vuelo sin alas lloro sin ojos dime que soy,Las nubes
1526 Nazco con la luz y muero en la oscuridad que soy,La sombra
1527 Soy vacio y crezco cuando me sacan que soy,Un agujero
1528 Tengo un ojo que no mira que soy,La aguja
1529 Peino cabellos sin morder que soy,Un peine
1530 Sin pulmones respiro y sin vida crezco que soy,El fuego
1531 Viajo en cartas pegado a una esquina que soy,Un sello
1532 Vivo en cuevas y repito tu voz que soy,El eco
1533 Sube cada anio y no baja que es,La edad
1534 Me rompes si pronuncias mi nombre que soy,El silencio
1535 Nazco en montanas y voy al oceano que soy,Un rio
1536 Me sigues sin tocarme cruzo agua sin mojarme que soy,La sombra
1537 Me sigues sin tocarme cruzo agua sin mojarme que soy,La sombra
1538 Seco tu cuerpo y me empapo que soy,La toalla
1539 Tengo dientes sin hambre que soy,Un peine
1540 Se rompe sin tocarse que es,Una promesa
1541 Sin pulmones respiro y sin vida crezco que soy,El fuego
1542 Sube cada anio y no baja que es,La edad
1543 Siempre viene pero nunca es hoy que es,El manana
1544 Soy delgada y pincho sin ver que soy,La aguja
1545 Llega despues y nunca ahora que es,El manana
1546 De vidrio o plastico con cuello que soy,La botella
1547 Soy vacio y crezco cuando me sacan que soy,Un agujero
1548 Tengo un ojo que no mira que soy,La aguja
1549 Aumenta contigo y no retrocede que es,La edad
1550 Hago musica y tengo teclas que soy,Un piano
1551 De vidrio o plastico con cuello que soy,La botella
1552 Vuelo sin alas lloro sin ojos dime que soy,Las nubes
1553 Vivo en cuevas y repito tu voz que soy,El eco
1554 Llega despues y nunca ahora que es,El manana
1555 Sin pulmones respiro y sin vida crezco que soy,El fuego
1556 Tengo lengua y no hablo camino sin pies que soy,El zapato
1557 Peino cabellos sin morder que soy,Un peine
1558 Tengo anillos en el tronco y no joyas que soy,Un arbol
1559 De vidrio o plastico con cuello que soy,La botella
1560 Estoy seca te seco y me mojo que soy,La toalla
1561 Llega despues y nunca ahora que es,El manana
1562 Soy delgada y pincho sin ver que soy,La aguja
1563 Tengo dientes sin hambre que soy,Un peine
1564 Corro sin piernas y muero en el mar que soy,Un rio
1565 Voy por el suelo con cordones que soy,El zapato
1566 Voy por el suelo con cordones que soy,El zapato
1567 Soy vacio y crezco cuando me sacan que soy,Un agujero
1568 Tengo orejas y no oigo que soy,El maiz
1569 Estoy seca te seco y me mojo que soy,La toalla
1570 Tengo dientes sin hambre que soy,Un peine
1571 Rojo ardiente me alimenta el aire que soy,El fuego
1572 De vidrio o plastico con cuello que soy,La botella
1573 Nazco con la luz y muero en la oscuridad que soy,La sombra
1574 Tengo un ojo que no mira que soy,La aguja
1575 Se rompe sin tocarse que es,Una promesa
1576 Se dice y se puede quebrar que es,Una promesa
1577 Voy por el suelo con cordones que soy,El zapato
1578 Doy la vuelta al mundo sin moverme del sobre que soy,Un sello
1579 Aumenta contigo y no retrocede que es,La edad
1580 Tengo un ojo que no mira que soy,La aguja
1581 Peino cabellos sin morder que soy,Un peine
1582 Soy vacio y crezco cuando me sacan que soy,Un agujero
1583 Sin pulmones respiro y sin vida crezco que soy,El fuego
1584 Llega despues y nunca ahora que es,El manana
1585 Doy sombra madera y frutos que soy,Un arbol
1586 Sube cada anio y no baja que es,La edad
1587 Estoy seca te seco y me mojo que soy,La toalla
1588 Repito lo que dices sin boca ni oidos que soy,El eco
1589 Estoy seca te seco y me mojo que soy,La toalla
1590 Sin pulmones respiro y sin vida crezco que soy,El fuego
1591 Muestro rios sin agua y ciudades sin casas que soy,Un mapa
1592 Doy la vuelta al mundo sin moverme del sobre que soy,Un sello
1593 Desaparezco cuando hablas que soy,El silencio
1594 En papel hay montanas sin tierra que soy,Un mapa
1595 Doy la vuelta al mundo sin moverme del sobre que soy,Un sello
1596 Aumenta contigo y no retrocede que es,La edad
1597 Estoy seca te seco y me mojo que soy,La toalla
1598 Tengo lengua y no hablo camino sin pies que soy,El zapato
1599 Repito lo que dices sin boca ni oidos que soy,El eco
1600 Viajo en cartas pegado a una esquina que soy,Un sello
1601 Soy delgada y pincho sin ver que soy,La aguja
1602 En papel hay montanas sin tierra que soy,Un mapa
1603 Doy sombra madera y frutos que soy,Un arbol
1604 Se rompe sin tocarse que es,Una promesa
1605 En la milpa hay muchas orejas que soy,El maiz
1606 Sube cada anio y no baja que es,La edad
1607 Vivo en cuevas y repito tu voz que soy,El eco
1608 Desaparezco cuando hablas que soy,El silencio
1609 Soy delgada y pincho sin ver que soy,La aguja
1610 Se rompe sin tocarse que es,Una promesa
1611 Llega despues y nunca ahora que es,El manana
1612 Tengo cuello sin cabeza y tomo sin boca que soy,La botella
1613 En papel hay montanas sin tierra que soy,Un mapa
1614 Nazco con la luz y muero en la oscuridad que soy,La sombra
1615 Tengo dientes sin hambre que soy,Un peine
1616 Desaparezco cuando hablas que soy,El silencio
1617 Desaparezco cuando hablas que soy,El silencio
1618 Vivo en cuevas y repito tu voz que soy,El eco
1619 Rojo ardiente me alimenta el aire que soy,El fuego
1620 Nazco en montanas y voy al oceano que soy,Un rio
1621 Se dice y se puede quebrar que es,Una promesa
1622 Tengo orejas y no oigo que soy,El maiz
1623 Soy vacio y crezco cuando me sacan que soy,Un agujero
1624 Muestro rios sin agua y ciudades sin casas que soy,Un mapa
1625 Nazco con la luz y muero en la oscuridad que soy,La sombra
1626 Estoy seca te seco y me mojo que soy,La toalla
1627 Llega despues y nunca ahora que es,El manana
1628 Me sigues sin tocarme cruzo agua sin mojarme que soy,La sombra
1629 Nazco con la luz y muero en la oscuridad que soy,La sombra
1630 Nazco con la luz y muero en la oscuridad que soy,La sombra
1631 En la milpa hay muchas orejas que soy,El maiz
1632 Seco tu cuerpo y me empapo que soy,La toalla
1633 Muestro rios sin agua y ciudades sin casas que soy,Un mapa
1634 Hago musica y tengo teclas que soy,Un piano
1635 Rojo ardiente me alimenta el aire que soy,El fuego
1636 En la milpa hay muchas orejas que soy,El maiz
1637 Hago musica y tengo teclas que soy,Un piano
1638 Corro sin piernas y muero en el mar que soy,Un rio
1639 Hago musica y tengo teclas que soy,Un piano
1640 Tengo muchas llaves y no abro puertas que soy,Un piano
1641 Siempre viene pero nunca es hoy que es,El manana
1642 Doy la vuelta al mundo sin moverme del sobre que soy,Un sello
1643 En la milpa hay muchas orejas que soy,El maiz
1644 Aumenta contigo y no retrocede que es,La edad
1645 Nazco en montanas y voy al oceano que soy,Un rio
1646 Peino cabellos sin morder que soy,Un peine
1647 Rojo ardiente me alimenta el aire que soy,El fuego
1648 Siempre viene pero nunca es hoy que es,El manana
1649 Rojo ardiente me alimenta el aire que soy,El fuego
1650 Seco tu cuerpo y me empapo que soy,La toalla
1651 Tengo dientes sin hambre que soy,Un peine
1652 Floto en el cielo y traigo lluvia que soy,Las nubes
1653 Siempre viene pero nunca es hoy que es,El manana
1654 En papel hay montanas sin tierra que soy,Un mapa
1655 Viajo en cartas pegado a una esquina que soy,Un sello
1656 Me rompes si pronuncias mi nombre que soy,El silencio
1657 Nazco en montanas y voy al oceano que soy,Un rio
1658 Voy por el suelo con cordones que soy,El zapato
1659 Corro sin piernas y muero en el mar que soy,Un rio
1660 Aumenta contigo y no retrocede que es,La edad
1661 Tengo orejas y no oigo que soy,El maiz
1662 En papel hay montanas sin tierra que soy,Un mapa
1663 Estoy seca te seco y me mojo que soy,La toalla
1664 Rojo ardiente me alimenta el aire que soy,El fuego
1665 Floto en el cielo y traigo lluvia que soy,Las nubes
1666 Muestro rios sin agua y ciudades sin casas que soy,Un mapa
1667 Doy sombra madera y frutos que soy,Un arbol
1668 Llega despues y nunca ahora que es,El manana
1669 Repito lo que dices sin boca ni oidos que soy,El eco
1670 Tengo un ojo que no mira que soy,La aguja
1671 Nazco con la luz y muero en la oscuridad que soy,La sombra
1672 Muestro rios sin agua y ciudades sin casas que soy,Un mapa
1673 Estoy seca te seco y me mojo que soy,La toalla
1674 Tengo orejas y no oigo que soy,El maiz
1675 Viajo en cartas pegado a una esquina que soy,Un sello
1676 Doy sombra madera y frutos que soy,Un arbol
1677 Aumenta contigo y no retrocede que es,La edad
1678 Corro sin piernas y muero en el mar que soy,Un rio
1679 Soy vacio y crezco cuando me sacan que soy,Un agujero
1680 Estoy seca te seco y me mojo que soy,La toalla
1681 Doy la vuelta al mundo sin moverme del sobre que soy,Un sello
1682 Soy delgada y pincho sin ver que soy,La aguja
1683 Tengo un ojo que no mira que soy,La aguja
1684 Nazco en montanas y voy al oceano que soy,Un rio
1685 Soy vacio y crezco cuando me sacan que soy,Un agujero
1686 Vuelo sin alas lloro sin ojos dime que soy,Las nubes
1687 Tengo orejas y no oigo que soy,El maiz
1688 Muestro rios sin agua y ciudades sin casas que soy,Un mapa
1689 Se rompe sin tocarse que es,Una promesa
1690 Tengo anillos en el tronco y no joyas que soy,Un arbol
1691 Tengo orejas y no oigo que soy,El maiz
1692 Me rompes si pronuncias mi nombre que soy,El silencio
1693 Seco tu cuerpo y me empapo que soy,La toalla
1694 De vidrio o plastico con cuello que soy,La botella
1695 Desaparezco cuando hablas que soy,El silencio
1696 Tengo lengua y no hablo camino sin pies que soy,El zapato
1697 Llega despues y nunca ahora que es,El manana
1698 Muestro rios sin agua y ciudades sin casas que soy,Un mapa
1699 Nazco con la luz y muero en la oscuridad que soy,La sombra
1700 Hago musica y tengo teclas que soy,Un piano
1701 Vuelo sin alas lloro sin ojos dime que soy,Las nubes
1702 Floto en el cielo y traigo lluvia que soy,Las nubes
1703 Tengo cuello sin cabeza y tomo sin boca que soy,La botella
1704 Desaparezco cuando hablas que soy,El silencio
1705 Tengo cuello sin cabeza y tomo sin boca que soy,La botella
1706 Muestro rios sin agua y ciudades sin casas que soy,Un mapa
1707 Desaparezco cuando hablas que soy,El silencio
1708 Soy vacio y crezco cuando me sacan que soy,Un agujero
1709 Hago musica y tengo teclas que soy,Un piano
1710 Tengo muchas llaves y no abro puertas que soy,Un piano
1711 Doy la vuelta al mundo sin moverme del sobre que soy,Un sello
1712 Tengo orejas y no oigo que soy,El maiz
1713 Vuelo sin alas lloro sin ojos dime que soy,Las nubes
1714 Siempre viene pero nunca es hoy que es,El manana
1715 Voy por el suelo con cordones que soy,El zapato
1716 Doy la vuelta al mundo sin moverme del sobre que soy,Un sello
1717 Tengo anillos en el tronco y no joyas que soy,Un arbol
1718 Tengo anillos en el tronco y no joyas que soy,Un arbol
1719 Muestro rios sin agua y ciudades sin casas que soy,Un mapa
1720 Sube cada anio y no baja que es,La edad
1721 Hago musica y tengo teclas que soy,Un piano
1722 Sin pulmones respiro y sin vida crezco que soy,El fuego
1723 Peino cabellos sin morder que soy,Un peine
1724 Entre mas me quitan mas grande me vuelvo que soy,Un agujero
1725 Estoy seca te seco y me mojo que soy,La toalla
1726 Tengo anillos en el tronco y no joyas que soy,Un arbol
1727 En la milpa hay muchas orejas que soy,El maiz
1728 Sube cada anio y no baja que es,La edad
1729 Repito lo que dices sin boca ni oidos que soy,El eco
1730 Me rompes si pronuncias mi nombre que soy,El silencio
1731 Tengo orejas y no oigo que soy,El maiz
1732 Vivo en cuevas y repito tu voz que soy,El eco
1733 Se rompe sin tocarse que es,Una promesa
1734 En la milpa hay muchas orejas que soy,El maiz
1735 Sube cada anio y no baja que es,La edad
1736 Sin pulmones respiro y sin vida crezco que soy,El fuego
1737 Peino cabellos sin morder que soy,Un peine
1738 Me rompes si pronuncias mi nombre que soy,El silencio
1739 Tengo dientes sin hambre que soy,Un peine
1740 Estoy seca te seco y me mojo que soy,La toalla
1741 Se dice y se puede quebrar que es,Una promesa
1742 Hago musica y tengo teclas que soy,Un piano
1743 Tengo cuello sin cabeza y tomo sin boca que soy,La botella
1744 Soy vacio y crezco cuando me sacan que soy,Un agujero
1745 Floto en el cielo y traigo lluvia que soy,Las nubes
1746 Doy la vuelta al mundo sin moverme del sobre que soy,Un sello
1747 Floto en el cielo y traigo lluvia que soy,Las nubes
1748 Estoy seca te seco y me mojo que soy,La toalla
1749 Corro sin piernas y muero en el mar que soy,Un rio
1750 Me sigues sin tocarme cruzo agua sin mojarme que soy,La sombra
1751 Tengo un ojo que no mira que soy,La aguja
1752 Viajo en cartas pegado a una esquina que soy,Un sello
1753 Doy la vuelta al mundo sin moverme del sobre que soy,Un sello
1754 Floto en el cielo y traigo lluvia que soy,Las nubes
1755 Tengo anillos en el tronco y no joyas que soy,Un arbol
1756 Tengo orejas y no oigo que soy,El maiz
1757 Siempre viene pero nunca es hoy que es,El manana
1758 Doy sombra madera y frutos que soy,Un arbol
1759 Doy la vuelta al mundo sin moverme del sobre que soy,Un sello
1760 Floto en el cielo y traigo lluvia que soy,Las nubes
1761 De vidrio o plastico con cuello que soy,La botella
1762 En papel hay montanas sin tierra que soy,Un mapa
1763 Peino cabellos sin morder que soy,Un peine
1764 En la milpa hay muchas orejas que soy,El maiz
1765 Desaparezco cuando hablas que soy,El silencio
1766 Nazco con la luz y muero en la oscuridad que soy,La sombra
1767 Lo rompes sin tocarlo que es,Una promesa
1768 Doy la vuelta al mundo sin moverme del sobre que soy,Un sello
1769 Aumenta contigo y no retrocede que es,La edad
1770 Doy sombra madera y frutos que soy,Un arbol
1771 Se dice y se puede quebrar que es,Una promesa
1772 Repito lo que dices sin boca ni oidos que soy,El eco
1773 Repito lo que dices sin boca ni oidos que soy,El eco
1774 Viajo en cartas pegado a una esquina que soy,Un sello
1775 Tengo cuello sin cabeza y tomo sin boca que soy,La botella
1776 De vidrio o plastico con cuello que soy,La botella
1777 Doy sombra madera y frutos que soy,Un arbol
1778 En papel hay montanas sin tierra que soy,Un mapa
1779 Desaparezco cuando hablas que soy,El silencio
1780 Llega despues y nunca ahora que es,El manana
1781 Nazco en montanas y voy al oceano que soy,Un rio
1782 Floto en el cielo y traigo lluvia que soy,Las nubes
1783 Soy delgada y pincho sin ver que soy,La aguja
1784 Soy delgada y pincho sin ver que soy,La aguja
1785 Doy sombra madera y frutos que soy,Un arbol
1786 Vuelo sin alas lloro sin ojos dime que soy,Las nubes
1787 Nazco en montanas y voy al oceano que soy,Un rio
1788 Vuelo sin alas lloro sin ojos dime que soy,Las nubes
1789 Tengo anillos en el tronco y no joyas que soy,Un arbol
1790 Soy vacio y crezco cuando me sacan que soy,Un agujero
1791 En la milpa hay muchas orejas que soy,El maiz
1792 Vivo en cuevas y repito tu voz que soy,El eco
1793 Se dice y se puede quebrar que es,Una promesa
1794 Me rompes si pronuncias mi nombre que soy,El silencio
1795 Entre mas me quitan mas grande me vuelvo que soy,Un agujero
1796 Corro sin piernas y muero en el mar que soy,Un rio
1797 Entre mas me quitan mas grande me vuelvo que soy,Un agujero
1798 Tengo muchas llaves y no abro puertas que soy,Un piano
1799 Tengo anillos en el tronco y no joyas que soy,Un arbol
1800 Seco tu cuerpo y me empapo que soy,La toalla
1801 Estoy seca te seco y me mojo que soy,La toalla
1802 Entre mas me quitan mas grande me vuelvo que soy,Un agujero
1803 Soy delgada y pincho sin ver que soy,La aguja
1804 Entre mas me quitan mas grande me vuelvo que soy,Un agujero
1805 Seco tu cuerpo y me empapo que soy,La toalla
1806 Siempre viene pero nunca es hoy que es,El manana
1807 Voy por el suelo con cordones que soy,El zapato
1808 Aumenta contigo y no retrocede que es,La edad
1809 Me rompes si pronuncias mi nombre que soy,El silencio
1810 Corro sin piernas y muero en el mar que soy,Un rio
1811 De vidrio o plastico con cuello que soy,La botella
1812 Soy vacio y crezco cuando me sacan que soy,Un agujero
1813 Rojo ardiente me alimenta el aire que soy,El fuego
1814 Rojo ardiente me alimenta el aire que soy,El fuego
1815 Aumenta contigo y no retrocede que es,La edad
1816 Desaparezco cuando hablas que soy,El silencio
1817 Llega despues y nunca ahora que es,El manana
1818 En la milpa hay muchas orejas que soy,El maiz
1819 De vidrio o plastico con cuello que soy,La botella
1820 Voy por el suelo con cordones que soy,El zapato
1821 Entre mas me quitan mas grande me vuelvo que soy,Un agujero
1822 Floto en el cielo y traigo lluvia que soy,Las nubes
1823 Viajo en cartas pegado a una esquina que soy,Un sello
1824 Floto en el cielo y traigo lluvia que soy,Las nubes
1825 Tengo cuello sin cabeza y tomo sin boca que soy,La botella
1826 Se rompe sin tocarse que es,Una promesa
1827 Hago musica y tengo teclas que soy,Un piano
1828 Si me nombras me rompes que soy,El silencio
1829 Tengo orejas y no oigo que soy,El maiz
1830 Muestro rios sin agua y ciudades sin casas que soy,Un mapa
1831 Tengo orejas y no oigo que soy,El maiz
1832 Doy sombra madera y frutos que soy,Un arbol
1833 Me rompes si pronuncias mi nombre que soy,El silencio
1834 Soy vacio y crezco cuando me sacan que soy,Un agujero
1835 Muestro rios sin agua y ciudades sin casas que soy,Un mapa
1836 Tengo cuello sin cabeza y tomo sin boca que soy,La botella
1837 Vivo en cuevas y repito tu voz que soy,El eco
1838 Viajo en cartas pegado a una esquina que soy,Un sello
1839 Hago musica y tengo teclas que soy,Un piano
1840 Llega despues y nunca ahora que es,El manana
1841 Nazco en montanas y voy al oceano que soy,Un rio
1842 Tengo un ojo que no mira que soy,La aguja
1843 Me sigues sin tocarme cruzo agua sin mojarme que soy,La sombra
1844 Estoy seca te seco y me mojo que soy,La toalla
1845 Desaparezco cuando hablas que soy,El silencio
1846 Viajo en cartas pegado a una esquina que soy,Un sello
1847 Aumenta contigo y no retrocede que es,La edad
1848 De vidrio o plastico con cuello que soy,La botella
1849 Siempre viene pero nunca es hoy que es,El manana
1850 De vidrio o plastico con cuello que soy,La botella
1851 Rojo ardiente me alimenta el aire que soy,El fuego
1852 De vidrio o plastico con cuello que soy,La botella
1853 Voy por el suelo con cordones que soy,El zapato
1854 Corro sin piernas y muero en el mar que soy,Un rio
1855 Nazco en montanas y voy al oceano que soy,Un rio
1856 Vuelo sin alas lloro sin ojos dime que soy,Las nubes
1857 Vuelo sin alas lloro sin ojos dime que soy,Las nubes
1858 Tengo anillos en el tronco y no joyas que soy,Un arbol
1859 Viajo en cartas pegado a una esquina que soy,Un sello
1860 Me sigues sin tocarme cruzo agua sin mojarme que soy,La sombra
1861 Floto en el cielo y traigo lluvia que soy,Las nubes
1862 Nazco con la luz y muero en la oscuridad que soy,La sombra
1863 Se dice y se puede quebrar que es,Una promesa
1864 Viajo en cartas pegado a una esquina que soy,Un sello
1865 Tengo orejas y no oigo que soy,El maiz
1866 Entre mas me quitan mas grande me vuelvo que soy,Un agujero
1867 Repito lo que dices sin boca ni oidos que soy,El eco
1868 Llega despues y nunca ahora que es,El manana
1869 Voy por el suelo con cordones que soy,El zapato
1870 En papel hay montanas sin tierra que soy,Un mapa
1871 Tengo cuello sin cabeza y tomo sin boca que soy,La botella
1872 Me sigues sin tocarme cruzo agua sin mojarme que soy,La sombra
1873 Nazco en montanas y voy al oceano que soy,Un rio
1874 Se dice y se puede quebrar que es,Una promesa
1875 Desaparezco cuando hablas que soy,El silencio
1876 En papel hay montanas sin tierra que soy,Un mapa
1877 Doy sombra madera y frutos que soy,Un arbol
1878 Repito lo que dices sin boca ni oidos que soy,El eco
1879 Sin pulmones respiro y sin vida crezco que soy,El fuego
1880 Soy delgada y pincho sin ver que soy,La aguja
1881 Vuelo sin alas lloro sin ojos dime que soy,Las nubes
1882 Siempre viene pero nunca es hoy que es,El manana
1883 Vivo en cuevas y repito tu voz que soy,El eco
1884 Tengo cuello sin cabeza y tomo sin boca que soy,La botella
1885 Tengo un ojo que no mira que soy,La aguja
1886 Vivo en cuevas y repito tu voz que soy,El eco
1887 Tengo dientes sin hambre que soy,Un peine
1888 Repito lo que dices sin boca ni oidos que soy,El eco
1889 Nazco en montanas y voy al oceano que soy,Un rio
1890 Nazco en montanas y voy al oceano que soy,Un rio
1891 Desaparezco cuando hablas que soy,El silencio
1892 Tengo dientes sin hambre que soy,Un peine
1893 Me sigues sin tocarme cruzo agua sin mojarme que soy,La sombra
1894 Tengo un ojo que no mira que soy,La aguja
1895 Tengo orejas y no oigo que soy,El maiz
1896 Tengo lengua y no hablo camino sin pies que soy,El zapato
1897 Nazco en montanas y voy al oceano que soy,Un rio
1898 Hago musica y tengo teclas que soy,Un piano
1899 Soy delgada y pincho sin ver que soy,La aguja
1900 Tengo orejas y no oigo que soy,El maiz
1901 Se rompe sin tocarse que es,Una promesa
1902 Doy la vuelta al mundo sin moverme del sobre que soy,Un sello
1903 Doy la vuelta al mundo sin moverme del sobre que soy,Un sello
1904 En la milpa hay muchas orejas que soy,El maiz
1905 Llega despues y nunca ahora que es,El manana
1906 Rojo ardiente me alimenta el aire que soy,El fuego
1907 Entre mas me quitan mas grande me vuelvo que soy,Un agujero
1908 Desaparezco cuando hablas que soy,El silencio
1909 De vidrio o plastico con cuello que soy,La botella
1910 Tengo cuello sin cabeza y tomo sin boca que soy,La botella
1911 Hago musica y tengo teclas que soy,Un piano
1912 Tengo cuello sin cabeza y tomo sin boca que soy,La botella
1913 Hago musica y tengo teclas que soy,Un piano
1914 Seco tu cuerpo y me empapo que soy,La toalla
1915 Tengo lengua y no hablo camino sin pies que soy,El zapato
1916 Repito lo que dices sin boca ni oidos que soy,El eco
1917 Me sigues sin tocarme cruzo agua sin mojarme que soy,La sombra
1918 Sube cada anio y no baja que es,La edad
1919 Me sigues sin tocarme cruzo agua sin mojarme que soy,La sombra
1920 Desaparezco cuando hablas que soy,El silencio
1921 Aumenta contigo y no retrocede que es,La edad
1922 Muestro rios sin agua y ciudades sin casas que soy,Un mapa
1923 Seco tu cuerpo y me empapo que soy,La toalla
1924 Estoy seca te seco y me mojo que soy,La toalla
1925 Hago musica y tengo teclas que soy,Un piano
1926 Tengo un ojo que no mira que soy,La aguja
1927 Llega despues y nunca ahora que es,El manana
1928 Aumenta contigo y no retrocede que es,La edad
1929 Vivo en cuevas y repito tu voz que soy,El eco
1930 Nazco en montanas y voy al oceano que soy,Un rio
1931 Tengo muchas llaves y no abro puertas que soy,Un piano
1932 Siempre viene pero nunca es hoy que es,El manana
1933 Tengo un ojo que no mira que soy,La aguja
1934 Nazco con la luz y muero en la oscuridad que soy,La sombra
1935 Voy por el suelo con cordones que soy,El zapato
1936 Llega despues y nunca ahora que es,El manana
1937 Tengo cuello sin cabeza y tomo sin boca que soy,La botella
1938 Sube cada anio y no baja que es,La edad
1939 Sin pulmones respiro y sin vida crezco que soy,El fuego
1940 Siempre viene pero nunca es hoy que es,El manana
1941 Cuanto mas me quitas mas grande soy que soy,Un agujero
1942 Vuelo sin alas lloro sin ojos dime que soy,Las nubes
1943 Floto en el cielo y traigo lluvia que soy,Las nubes
1944 Tengo lengua pero no hablo que soy,El zapato
1945 Me sigues sin tocarme cruzo agua sin mojarme que soy,La sombra
1946 Se dice y se puede quebrar que es,Una promesa
1947 Vuelo sin alas lloro sin ojos dime que soy,Las nubes
1948 Tengo dientes sin hambre que soy,Un peine
1949 Me rompes si pronuncias mi nombre que soy,El silencio
1950 Entre mas me quitan mas grande me vuelvo que soy,Un agujero
1951 Soy vacio y crezco cuando me sacan que soy,Un agujero
1952 Vivo en cuevas y repito tu voz que soy,El eco
1953 Vivo en cuevas y repito tu voz que soy,El eco
1954 Voy por el suelo con cordones que soy,El zapato
1955 Vuelo sin alas lloro sin ojos dime que soy,Las nubes
1956 Sin pulmones respiro y sin vida crezco que soy,El fuego
1957 Doy la vuelta al mundo sin moverme del sobre que soy,Un sello
1958 Corro sin piernas y muero en el mar que soy,Un rio
1959 Voy por el suelo con cordones que soy,El zapato
1960 Llega despues y nunca ahora que es,El manana
1961 Soy vacio y crezco cuando me sacan que soy,Un agujero
1962 Me sigues sin tocarme cruzo agua sin mojarme que soy,La sombra
1963 De vidrio o plastico con cuello que soy,La botella
1964 Entre mas me quitan mas grande me vuelvo que soy,Un agujero
1965 Viajo en cartas pegado a una esquina que soy,Un sello
1966 Seco tu cuerpo y me empapo que soy,La toalla
1967 Nazco con la luz y muero en la oscuridad que soy,La sombra
1968 Desaparezco cuando hablas que soy,El silencio
1969 Tengo muchas llaves y no abro puertas que soy,Un piano
1970 De vidrio o plastico con cuello que soy,La botella
1971 Voy por el suelo con cordones que soy,El zapato
1972 En papel hay montanas sin tierra que soy,Un mapa
1973 Llega despues y nunca ahora que es,El manana
1974 Llega despues y nunca ahora que es,El manana
1975 Tengo anillos en el tronco y no joyas que soy,Un arbol
1976 Soy delgada y pincho sin ver que soy,La aguja
1977 Tengo lengua y no hablo camino sin pies que soy,El zapato
1978 Tengo anillos en el tronco y no joyas que soy,Un arbol
1979 Sin pulmones respiro y sin vida crezco que soy,El fuego
1980 Floto en el cielo y traigo lluvia que soy,Las nubes
1981 Nazco con la luz y muero en la oscuridad que soy,La sombra
1982 Tengo lengua y no hablo camino sin pies que soy,El zapato
1983 Se dice y se puede quebrar que es,Una promesa
1984 Llega despues y nunca ahora que es,El manana
1985 Doy la vuelta al mundo sin moverme del sobre que soy,Un sello
1986 Se rompe sin tocarse que es,Una promesa
1987 Tengo orejas y no oigo que soy,El maiz
1988 Tengo muchas llaves y no abro puertas que soy,Un piano
1989 Rojo ardiente me alimenta el aire que soy,El fuego
1990 Se dice y se puede quebrar que es,Una promesa
1991 Tengo muchas llaves y no abro puertas que soy,Un piano
1992 Se rompe sin tocarse que es,Una promesa
1993 Vuelo sin alas lloro sin ojos dime que soy,Las nubes
1994 Se dice y se puede quebrar que es,Una promesa
1995 Muestro rios sin agua y ciudades sin casas que soy,Un mapa
1996 Estoy seca te seco y me mojo que soy,La toalla
1997 Desaparezco cuando hablas que soy,El silencio
1998 Tengo cuello sin cabeza y tomo sin boca que soy,La botella
1999 Se dice y se puede quebrar que es,Una promesa
2000 Tengo lengua y no hablo camino sin pies que soy,El zapato
