1 Estudio de Toy Story? | A) Pixar | B) DreamWorks | C) Illumination,A
2 Unidad SI de fuerza? | A) Pascal | B) Newton | C) Joule,B
3 Gol en tenis se llama? | A) Gol | B) Punto | C) Canasta,B
4 Estacion posterior a la primavera en el hemisferio sur? | A) Verano | B) Otono | C) Invierno,C
5 Pais sede del Mundial FIFA 2014? | A) Sudafrica | B) Brasil | C) Alemania,B
6 Boya de colores en el mar indica? | A) Surf | B) Pesca | C) Senalizacion,C
7 Libertador de Chile? | A) Manuel Rodriguez | B) Bernardo O Higgins | C) Jose de San Martin,B
8 Primer hombre en pisar la Luna? | A) Yuri Gagarin | B) Neil Armstrong | C) Buzz Aldrin,B
9 Lider de la independencia de la India con no violencia? | A) Jinnah | B) Gandhi | C) Nehru,B
10 Lengua con mas hablantes nativos? | A) Espanol | B) Ingles | C) Chino mandarin,C
11 Imperio de Julio Cesar? | A) Romano | B) Griego | C) Persa,A
12 Proceso por el cual las plantas producen alimento? | A) Fermentacion | B) Respiracion | C) Fotosintesis,C
13 Compositor de Fur Elise? | A) Mozart | B) Beethoven | C) Bach,B
14 Gas mas abundante del aire? | A) Dioxido de carbono | B) Oxigeno | C) Nitrogeno,C
15 La NBA corresponde a? | A) Hockey | B) Baloncesto | C) Beisbol,B
16 Cristiano Ronaldo es originario de? | A) Portugal | B) Espana | C) Brasil,A
17 Lengua con mas hablantes nativos? | A) Ingles | B) Chino mandarin | C) Espanol,B
18 Unidad SI de fuerza? | A) Newton | B) Pascal | C) Joule,A
19 Deporte principal de Michael Jordan? | A) Beisbol | B) Baloncesto | C) Futbol americano,B
20 Lengua oficial de Brasil? | A) Espanol | B) Ingles | C) Portugues,C
21 Pais sede del Mundial FIFA 2014? | A) Brasil | B) Sudafrica | C) Alemania,A
22 Proceso por el cual las plantas producen alimento? | A) Fermentacion | B) Respiracion | C) Fotosintesis,C
23 Primer hombre en pisar la Luna? | A) Neil Armstrong | B) Yuri Gagarin | C) Buzz Aldrin,A
24 Franquicia con Pokebolas? | A) Pokemon | B) Digimon | C) Yo Kai Watch,A
25 Imperio de Julio Cesar? | A) Persa | B) Griego | C) Romano,C
26 Cual es la capital de Sudafrica? | A) Budapest | B) Berna | C) Pretoria,C
27 Imperio de Julio Cesar? | A) Griego | B) Romano | C) Persa,B
28 Unidad SI de fuerza? | A) Newton | B) Pascal | C) Joule,A
29 Estacion posterior a la primavera en el hemisferio sur? | A) Otono | B) Invierno | C) Verano,B
30 Torneo mas importante de clubes en Europa? | A) Liga de Campeones | B) Conference League | C) Europa League,A
31 Principal satelite natural de la Tierra? | A) Fobos | B) La Luna | C) Titan,B
32 Franquicia con Pokebolas? | A) Yo Kai Watch | B) Digimon | C) Pokemon,C
33 Tejido donde ocurre el intercambio de gases? | A) Higado | B) Rinones | C) Pulmones,C
34 Lider de la independencia de la India con no violencia? | A) Jinnah | B) Nehru | C) Gandhi,C
35 Torneo mas importante de clubes en Europa? | A) Liga de Campeones | B) Conference League | C) Europa League,A
36 Messi gano el Mundial con Argentina en? | A) 2022 | B) 2018 | C) 2014,A
37 Organo que bombea la sangre? | A) Higado | B) Pulmon | C) Corazon,C
38 Tejido donde ocurre el intercambio de gases? | A) Rinones | B) Higado | C) Pulmones,C
39 Particula con carga negativa? | A) Electron | B) Neutron | C) Proton,A
40 La NBA corresponde a? | A) Beisbol | B) Baloncesto | C) Hockey,B
41 Estudio de Toy Story? | A) Illumination | B) Pixar | C) DreamWorks,B
42 Rama de la ciencia que estudia los seres vivos? | A) Geologia | B) Biologia | C) Fisica,B
43 Gol en tenis se llama? | A) Canasta | B) Punto | C) Gol,B
44 Gol en tenis se llama? | A) Punto | B) Gol | C) Canasta,A
45 Artista del album Thriller? | A) Madonna | B) Michael Jackson | C) Prince,B
46 Particula con carga negativa? | A) Proton | B) Electron | C) Neutron,B
47 Gas mas abundante del aire? | A) Oxigeno | B) Nitrogeno | C) Dioxido de carbono,B
48 Estacion posterior a la primavera en el hemisferio sur? | A) Otono | B) Verano | C) Invierno,C
49 Gas mas abundante del aire? | A) Dioxido de carbono | B) Nitrogeno | C) Oxigeno,B
50 Primera mujer en ganar un Premio Nobel? | A) Ada Lovelace | B) Marie Curie | C) Rosalind Franklin,B
51 Franquicia con Pokebolas? | A) Yo Kai Watch | B) Pokemon | C) Digimon,B
52 Principal satelite natural de la Tierra? | A) La Luna | B) Titan | C) Fobos,A
53 Civilizacion que construyo las piramides de Giza? | A) Romana | B) Maya | C) Egipcia,C
54 Quien pinto La Gioconda? | A) Rafael | B) Leonardo da Vinci | C) Miguel Angel,B
55 Primer hombre en pisar la Luna? | A) Yuri Gagarin | B) Neil Armstrong | C) Buzz Aldrin,B
56 Quien pinto La Gioconda? | A) Leonardo da Vinci | B) Miguel Angel | C) Rafael,A
57 Rama de la ciencia que estudia los seres vivos? | A) Geologia | B) Fisica | C) Biologia,C
58 Organo que bombea la sangre? | A) Corazon | B) Higado | C) Pulmon,A
59 Kamehameha pertenece a? | A) One Piece | B) Dragon Ball | C) Naruto,B
60 Anio en que comenzo la Segunda Guerra Mundial? | A) 1939 | B) 1945 | C) 1914,A
61 Bebida tradicional de Argentina y Uruguay? | A) Cafe | B) Te | C) Mate,C
62 Proceso por el cual las plantas producen alimento? | A) Respiracion | B) Fotosintesis | C) Fermentacion,B
63 Trilogia famosa con un anillo y un mago? | A) Harry Potter | B) Narnia | C) El senor de los anillos,C
64 H2O es la formula de? | A) Agua | B) Peroxido | C) Oxigeno,A
65 Pais sede del Mundial FIFA 2014? | A) Brasil | B) Alemania | C) Sudafrica,A
66 Proceso por el cual las plantas producen alimento? | A) Fermentacion | B) Fotosintesis | C) Respiracion,B
67 Particula con carga negativa? | A) Electron | B) Neutron | C) Proton,A
68 Superficie principal de Roland Garros? | A) Cesped | B) Arcilla | C) Dura,B
69 Lengua con mas hablantes nativos? | A) Ingles | B) Chino mandarin | C) Espanol,B
70 Anio en que comenzo la Segunda Guerra Mundial? | A) 1939 | B) 1914 | C) 1945,A
71 Lengua con mas hablantes nativos? | A) Chino mandarin | B) Ingles | C) Espanol,A
72 Primera mujer en ganar un Premio Nobel? | A) Marie Curie | B) Ada Lovelace | C) Rosalind Franklin,A
73 Metal mas ligero? | A) Litio | B) Aluminio | C) Magnesio,A
74 Unidad SI de fuerza? | A) Pascal | B) Newton | C) Joule,B
75 Gol en tenis se llama? | A) Punto | B) Canasta | C) Gol,A
76 H2O es la formula de? | A) Peroxido | B) Oxigeno | C) Agua,C
77 Torneo mas importante de clubes en Europa? | A) Conference League | B) Liga de Campeones | C) Europa League,B
78 Torneo mas importante de clubes en Europa? | A) Conference League | B) Europa League | C) Liga de Campeones,C
79 Imperio de Julio Cesar? | A) Romano | B) Griego | C) Persa,A
80 Franquicia con Pokebolas? | A) Yo Kai Watch | B) Pokemon | C) Digimon,B
81 Instrumento de teclas y cuerdas? | A) Piano | B) Flauta | C) Guitarra,A
82 Cual es la capital de Japon? | A) Santiago | B) Tokio | C) Paris,B
83 Instrumento de teclas y cuerdas? | A) Flauta | B) Guitarra | C) Piano,C
84 Pais sede del Mundial FIFA 2014? | A) Sudafrica | B) Alemania | C) Brasil,C
85 Planeta conocido como el planeta rojo? | A) Marte | B) Jupiter | C) Mercurio,A
86 Civilizacion que construyo las piramides de Giza? | A) Romana | B) Egipcia | C) Maya,B
87 Particula con carga negativa? | A) Proton | B) Neutron | C) Electron,C
88 Lengua con mas hablantes nativos? | A) Espanol | B) Ingles | C) Chino mandarin,C
89 Cristiano Ronaldo es originario de? | A) Portugal | B) Espana | C) Brasil,A
90 Serie con dragones y un trono? | A) The Witcher | B) Game of Thrones | C) Vikings,B
91 Bebida tradicional de Argentina y Uruguay? | A) Mate | B) Cafe | C) Te,A
92 Unidad SI de fuerza? | A) Pascal | B) Newton | C) Joule,B
93 Que vitamina se obtiene del sol? | A) Vitamina C | B) Vitamina B12 | C) Vitamina D,C
94 Boya de colores en el mar indica? | A) Surf | B) Senalizacion | C) Pesca,B
95 Organo que bombea la sangre? | A) Higado | B) Corazon | C) Pulmon,B
96 Pintor del Guernica? | A) Joan Miro | B) Pablo Picasso | C) Salvador Dali,B
97 Pintor del Guernica? | A) Pablo Picasso | B) Salvador Dali | C) Joan Miro,A
98 Proceso por el cual las plantas producen alimento? | A) Respiracion | B) Fermentacion | C) Fotosintesis,C
99 Gas mas abundante del aire? | A) Dioxido de carbono | B) Nitrogeno | C) Oxigeno,B
100 Trilogia famosa con un anillo y un mago? | A) El senor de los anillos | B) Harry Potter | C) Narnia,A
101 Organo que bombea la sangre? | A) Pulmon | B) Higado | C) Corazon,C
102 Principal satelite natural de la Tierra? | A) La Luna | B) Titan | C) Fobos,A
103 Civilizacion que construyo las piramides de Giza? | A) Romana | B) Maya | C) Egipcia,C
104 Serie con dragones y un trono? | A) The Witcher | B) Game of Thrones | C) Vikings,B
105 Animal conocido como el rey de la selva? | A) Pantera | B) Tigre | C) Leon,C
106 Cuantos anillos olimpicos hay? | A) 4 | B) 6 | C) 5,C
107 Estacion posterior a la primavera en el hemisferio sur? | A) Verano | B) Otono | C) Invierno,C
108 Metal mas ligero? | A) Magnesio | B) Litio | C) Aluminio,B
109 Cristiano Ronaldo es originario de? | A) Espana | B) Brasil | C) Portugal,C
110 Lengua con mas hablantes nativos? | A) Espanol | B) Ingles | C) Chino mandarin,C
111 Barco que se hundio en 1912? | A) Britannic | B) Titanic | C) Lusitania,B
112 Pintor del Guernica? | A) Joan Miro | B) Salvador Dali | C) Pablo Picasso,C
113 Principal satelite natural de la Tierra? | A) La Luna | B) Fobos | C) Titan,A
114 Torneo mas importante de clubes en Europa? | A) Liga de Campeones | B) Europa League | C) Conference League,A
115 Anio en que comenzo la Segunda Guerra Mundial? | A) 1939 | B) 1945 | C) 1914,A
116 Organo que bombea la sangre? | A) Pulmon | B) Corazon | C) Higado,B
117 Lengua con mas hablantes nativos? | A) Ingles | B) Espanol | C) Chino mandarin,C
118 Proceso por el cual las plantas producen alimento? | A) Fermentacion | B) Respiracion | C) Fotosintesis,C
119 Particula con carga negativa? | A) Neutron | B) Proton | C) Electron,C
120 Libertador de Chile? | A) Manuel Rodriguez | B) Jose de San Martin | C) Bernardo O Higgins,C
121 Lengua oficial de Brasil? | A) Ingles | B) Portugues | C) Espanol,B
122 Unidad SI de fuerza? | A) Newton | B) Pascal | C) Joule,A
123 Planeta conocido como el planeta rojo? | A) Mercurio | B) Marte | C) Jupiter,B
124 La NBA corresponde a? | A) Hockey | B) Beisbol | C) Baloncesto,C
125 Cordillera que cruza Chile? | A) Alpes | B) Himalaya | C) Andes,C
126 Lider de la independencia de la India con no violencia? | A) Nehru | B) Jinnah | C) Gandhi,C
127 Artista del album Thriller? | A) Madonna | B) Prince | C) Michael Jackson,C
128 Libertador de Chile? | A) Jose de San Martin | B) Manuel Rodriguez | C) Bernardo O Higgins,C
129 Civilizacion que construyo las piramides de Giza? | A) Egipcia | B) Romana | C) Maya,A
130 Proceso por el cual las plantas producen alimento? | A) Fotosintesis | B) Fermentacion | C) Respiracion,A
131 Superficie principal de Roland Garros? | A) Cesped | B) Dura | C) Arcilla,C
132 Cuantos anillos olimpicos hay? | A) 5 | B) 4 | C) 6,A
133 Messi gano el Mundial con Argentina en? | A) 2022 | B) 2014 | C) 2018,A
134 Primera mujer en ganar un Premio Nobel? | A) Rosalind Franklin | B) Marie Curie | C) Ada Lovelace,B
135 Serie con dragones y un trono? | A) The Witcher | B) Vikings | C) Game of Thrones,C
136 Deporte principal de Michael Jordan? | A) Futbol americano | B) Beisbol | C) Baloncesto,C
137 La NBA corresponde a? | A) Baloncesto | B) Beisbol | C) Hockey,A
138 Primer hombre en pisar la Luna? | A) Yuri Gagarin | B) Buzz Aldrin | C) Neil Armstrong,C
139 Compositor de Fur Elise? | A) Beethoven | B) Mozart | C) Bach,A
140 Anio en que comenzo la Segunda Guerra Mundial? | A) 1945 | B) 1939 | C) 1914,B
141 Que vitamina se obtiene del sol? | A) Vitamina B12 | B) Vitamina C | C) Vitamina D,C
142 Pais sede del Mundial FIFA 2014? | A) Alemania | B) Brasil | C) Sudafrica,B
143 Libertador de Chile? | A) Bernardo O Higgins | B) Manuel Rodriguez | C) Jose de San Martin,A
144 Franquicia con Pokebolas? | A) Pokemon | B) Digimon | C) Yo Kai Watch,A
145 Isla mas grande del mundo? | A) Borneo | B) Groenlandia | C) Madagascar,B
146 Unidad SI de fuerza? | A) Newton | B) Pascal | C) Joule,A
147 Planeta conocido como el planeta rojo? | A) Marte | B) Jupiter | C) Mercurio,A
148 Imperio de Julio Cesar? | A) Persa | B) Griego | C) Romano,C
149 Planeta conocido como el planeta rojo? | A) Mercurio | B) Jupiter | C) Marte,C
150 Franquicia con Pokebolas? | A) Pokemon | B) Yo Kai Watch | C) Digimon,A
151 Bebida tradicional de Argentina y Uruguay? | A) Te | B) Mate | C) Cafe,B
152 Rama de la ciencia que estudia los seres vivos? | A) Geologia | B) Biologia | C) Fisica,B
153 Rama de la ciencia que estudia los seres vivos? | A) Geologia | B) Biologia | C) Fisica,B
154 Gol en tenis se llama? | A) Punto | B) Canasta | C) Gol,A
155 Particula con carga negativa? | A) Proton | B) Electron | C) Neutron,B
156 Cual es la capital de Chile? | A) Santiago | B) Oslo | C) Nueva Delhi,A
157 Deporte principal de Michael Jordan? | A) Futbol americano | B) Baloncesto | C) Beisbol,B
158 Animal conocido como el rey de la selva? | A) Tigre | B) Pantera | C) Leon,C
159 Anio en que comenzo la Segunda Guerra Mundial? | A) 1939 | B) 1945 | C) 1914,A
160 Rama de la ciencia que estudia los seres vivos? | A) Geologia | B) Fisica | C) Biologia,C
161 Anio en que comenzo la Segunda Guerra Mundial? | A) 1914 | B) 1945 | C) 1939,C
162 Serie con dragones y un trono? | A) Game of Thrones | B) The Witcher | C) Vikings,A
163 Organo que bombea la sangre? | A) Corazon | B) Pulmon | C) Higado,A
164 Quien pinto La Gioconda? | A) Leonardo da Vinci | B) Rafael | C) Miguel Angel,A
165 Tejido donde ocurre el intercambio de gases? | A) Rinones | B) Higado | C) Pulmones,C
166 Messi gano el Mundial con Argentina en? | A) 2022 | B) 2018 | C) 2014,A
167 Boya de colores en el mar indica? | A) Surf | B) Pesca | C) Senalizacion,C
168 Gol en tenis se llama? | A) Canasta | B) Gol | C) Punto,C
169 Franquicia con Pokebolas? | A) Pokemon | B) Digimon | C) Yo Kai Watch,A
170 Pais de nacimiento de Simon Bolivar? | A) Venezuela | B) Colombia | C) Peru,A
171 La NBA corresponde a? | A) Hockey | B) Beisbol | C) Baloncesto,C
172 Messi gano el Mundial con Argentina en? | A) 2018 | B) 2014 | C) 2022,C
173 Quien pinto La Gioconda? | A) Rafael | B) Leonardo da Vinci | C) Miguel Angel,B
174 Civilizacion que construyo las piramides de Giza? | A) Egipcia | B) Romana | C) Maya,A
175 Cuantos jugadores por equipo en futbol en cancha? | A) 10 | B) 12 | C) 11,C
176 Rama de la ciencia que estudia los seres vivos? | A) Geologia | B) Fisica | C) Biologia,C
177 Cuantos jugadores por equipo en futbol en cancha? | A) 12 | B) 11 | C) 10,B
178 Barco que se hundio en 1912? | A) Britannic | B) Lusitania | C) Titanic,C
179 Organo que bombea la sangre? | A) Higado | B) Pulmon | C) Corazon,C
180 Anio en que comenzo la Segunda Guerra Mundial? | A) 1945 | B) 1914 | C) 1939,C
181 Barco que se hundio en 1912? | A) Titanic | B) Lusitania | C) Britannic,A
182 Tejido donde ocurre el intercambio de gases? | A) Rinones | B) Higado | C) Pulmones,C
183 Cuantos jugadores por equipo en futbol en cancha? | A) 10 | B) 12 | C) 11,C
184 Pintor del Guernica? | A) Salvador Dali | B) Pablo Picasso | C) Joan Miro,B
185 Lider de la independencia de la India con no violencia? | A) Nehru | B) Jinnah | C) Gandhi,C
186 Pais sede del Mundial FIFA 2014? | A) Brasil | B) Alemania | C) Sudafrica,A
187 Lider de la independencia de la India con no violencia? | A) Jinnah | B) Nehru | C) Gandhi,C
188 H2O es la formula de? | A) Peroxido | B) Agua | C) Oxigeno,B
189 Lengua oficial de Brasil? | A) Ingles | B) Portugues | C) Espanol,B
190 Lengua oficial de Brasil? | A) Ingles | B) Espanol | C) Portugues,C
191 Anio en que comenzo la Segunda Guerra Mundial? | A) 1939 | B) 1914 | C) 1945,A
192 Lider de la independencia de la India con no violencia? | A) Gandhi | B) Jinnah | C) Nehru,A
193 Trilogia famosa con un anillo y un mago? | A) Narnia | B) Harry Potter | C) El senor de los anillos,C
194 H2O es la formula de? | A) Oxigeno | B) Peroxido | C) Agua,C
195 Primera mujer en ganar un Premio Nobel? | A) Marie Curie | B) Ada Lovelace | C) Rosalind Franklin,A
196 Tejido donde ocurre el intercambio de gases? | A) Pulmones | B) Rinones | C) Higado,A
197 Artista del album Thriller? | A) Madonna | B) Prince | C) Michael Jackson,C
198 Libertador de Chile? | A) Manuel Rodriguez | B) Jose de San Martin | C) Bernardo O Higgins,C
199 Rama de la ciencia que estudia los seres vivos? | A) Fisica | B) Biologia | C) Geologia,B
200 Anio en que comenzo la Segunda Guerra Mundial? | A) 1945 | B) 1939 | C) 1914,B
201 Cuantos anillos olimpicos hay? | A) 4 | B) 5 | C) 6,B
202 Que vitamina se obtiene del sol? | A) Vitamina B12 | B) Vitamina C | C) Vitamina D,C
203 Compositor de Fur Elise? | A) Mozart | B) Bach | C) Beethoven,C
204 Lengua oficial de Brasil? | A) Portugues | B) Espanol | C) Ingles,A
205 Cuantos jugadores por equipo en futbol en cancha? | A) 11 | B) 10 | C) 12,A
206 Lengua con mas hablantes nativos? | A) Ingles | B) Espanol | C) Chino mandarin,C
207 Kamehameha pertenece a? | A) Naruto | B) Dragon Ball | C) One Piece,B
208 Compositor de Fur Elise? | A) Bach | B) Mozart | C) Beethoven,C
209 H2O es la formula de? | A) Agua | B) Oxigeno | C) Peroxido,A
210 Deporte principal de Michael Jordan? | A) Baloncesto | B) Beisbol | C) Futbol americano,A
211 Animal conocido como el rey de la selva? | A) Pantera | B) Tigre | C) Leon,C
212 Primer hombre en pisar la Luna? | A) Yuri Gagarin | B) Neil Armstrong | C) Buzz Aldrin,B
213 Torneo mas importante de clubes en Europa? | A) Conference League | B) Liga de Campeones | C) Europa League,B
214 Primer hombre en pisar la Luna? | A) Neil Armstrong | B) Buzz Aldrin | C) Yuri Gagarin,A
215 Compositor de Fur Elise? | A) Beethoven | B) Bach | C) Mozart,A
216 Deporte principal de Michael Jordan? | A) Baloncesto | B) Futbol americano | C) Beisbol,A
217 Color que resulta de mezclar azul y amarillo? | A) Violeta | B) Verde | C) Naranja,B
218 Torneo mas importante de clubes en Europa? | A) Liga de Campeones | B) Europa League | C) Conference League,A
219 Unidad SI de fuerza? | A) Joule | B) Pascal | C) Newton,C
220 Franquicia con Pokebolas? | A) Digimon | B) Pokemon | C) Yo Kai Watch,B
221 Anio en que comenzo la Segunda Guerra Mundial? | A) 1939 | B) 1914 | C) 1945,A
222 Tejido donde ocurre el intercambio de gases? | A) Rinones | B) Pulmones | C) Higado,B
223 La NBA corresponde a? | A) Baloncesto | B) Beisbol | C) Hockey,A
224 Libertador de Chile? | A) Bernardo O Higgins | B) Jose de San Martin | C) Manuel Rodriguez,A
225 Superficie principal de Roland Garros? | A) Cesped | B) Arcilla | C) Dura,B
226 Messi gano el Mundial con Argentina en? | A) 2014 | B) 2022 | C) 2018,B
227 Anio en que comenzo la Segunda Guerra Mundial? | A) 1939 | B) 1945 | C) 1914,A
228 Tejido donde ocurre el intercambio de gases? | A) Rinones | B) Higado | C) Pulmones,C
229 Trilogia famosa con un anillo y un mago? | A) Narnia | B) Harry Potter | C) El senor de los anillos,C
230 Cual es la capital de Noruega? | A) Quito | B) Bruselas | C) Oslo,C
231 Compositor de Fur Elise? | A) Mozart | B) Beethoven | C) Bach,B
232 Planeta conocido como el planeta rojo? | A) Marte | B) Jupiter | C) Mercurio,A
233 Instrumento de teclas y cuerdas? | A) Guitarra | B) Flauta | C) Piano,C
234 Cuantos anillos olimpicos hay? | A) 4 | B) 6 | C) 5,C
235 Continente de Egipto? | A) Asia | B) Africa | C) Europa,B
236 Franquicia con Pokebolas? | A) Pokemon | B) Digimon | C) Yo Kai Watch,A
237 Quien pinto La Gioconda? | A) Leonardo da Vinci | B) Miguel Angel | C) Rafael,A
238 Estudio de Toy Story? | A) DreamWorks | B) Pixar | C) Illumination,B
239 Tejido donde ocurre el intercambio de gases? | A) Pulmones | B) Higado | C) Rinones,A
240 Cuantos anillos olimpicos hay? | A) 6 | B) 4 | C) 5,C
241 Autor de Cien anios de soledad? | A) Julio Cortazar | B) Gabriel Garcia Marquez | C) Mario Vargas Llosa,B
242 Bebida tradicional de Argentina y Uruguay? | A) Mate | B) Cafe | C) Te,A
243 Cuantos anillos olimpicos hay? | A) 6 | B) 5 | C) 4,B
244 Civilizacion que construyo las piramides de Giza? | A) Romana | B) Egipcia | C) Maya,B
245 Artista del album Thriller? | A) Michael Jackson | B) Prince | C) Madonna,A
246 Estacion posterior a la primavera en el hemisferio sur? | A) Invierno | B) Otono | C) Verano,A
247 Principal satelite natural de la Tierra? | A) Titan | B) Fobos | C) La Luna,C
248 Barco que se hundio en 1912? | A) Lusitania | B) Titanic | C) Britannic,B
249 Particula con carga negativa? | A) Electron | B) Neutron | C) Proton,A
250 Artista del album Thriller? | A) Michael Jackson | B) Madonna | C) Prince,A
251 Planeta conocido como el planeta rojo? | A) Mercurio | B) Marte | C) Jupiter,B
252 Cuantos jugadores por equipo en futbol en cancha? | A) 11 | B) 10 | C) 12,A
253 Color que resulta de mezclar azul y amarillo? | A) Violeta | B) Verde | C) Naranja,B
254 Tejido donde ocurre el intercambio de gases? | A) Rinones | B) Pulmones | C) Higado,B
255 Lengua con mas hablantes nativos? | A) Espanol | B) Ingles | C) Chino mandarin,C
256 Planeta conocido como el planeta rojo? | A) Mercurio | B) Marte | C) Jupiter,B
257 H2O es la formula de? | A) Oxigeno | B) Agua | C) Peroxido,B
258 Autor de Cien anios de soledad? | A) Julio Cortazar | B) Mario Vargas Llosa | C) Gabriel Garcia Marquez,C
259 Artista del album Thriller? | A) Madonna | B) Prince | C) Michael Jackson,C
260 Kamehameha pertenece a? | A) Naruto | B) One Piece | C) Dragon Ball,C
261 Bebida tradicional de Argentina y Uruguay? | A) Cafe | B) Mate | C) Te,B
262 Cristiano Ronaldo es originario de? | A) Espana | B) Brasil | C) Portugal,C
263 Metal mas ligero? | A) Aluminio | B) Litio | C) Magnesio,B
264 Principal satelite natural de la Tierra? | A) Fobos | B) La Luna | C) Titan,B
265 Cuantos anillos olimpicos hay? | A) 6 | B) 4 | C) 5,C
266 Autor de Cien anios de soledad? | A) Gabriel Garcia Marquez | B) Mario Vargas Llosa | C) Julio Cortazar,A
267 Compositor de Fur Elise? | A) Beethoven | B) Mozart | C) Bach,A
268 Torneo mas importante de clubes en Europa? | A) Liga de Campeones | B) Conference League | C) Europa League,A
269 Superficie principal de Roland Garros? | A) Cesped | B) Arcilla | C) Dura,B
270 Proceso por el cual las plantas producen alimento? | A) Fermentacion | B) Respiracion | C) Fotosintesis,C
271 Lengua oficial de Brasil? | A) Espanol | B) Ingles | C) Portugues,C
272 Planta que produce algodon? | A) Trigo | B) Maiz | C) Algodonero,C
273 La NBA corresponde a? | A) Baloncesto | B) Beisbol | C) Hockey,A
274 Pintor del Guernica? | A) Salvador Dali | B) Joan Miro | C) Pablo Picasso,C
275 Bebida tradicional de Argentina y Uruguay? | A) Mate | B) Cafe | C) Te,A
276 Pais de nacimiento de Simon Bolivar? | A) Colombia | B) Venezuela | C) Peru,B
277 Gol en tenis se llama? | A) Punto | B) Gol | C) Canasta,A
278 Lengua oficial de Brasil? | A) Ingles | B) Portugues | C) Espanol,B
279 Imperio de Julio Cesar? | A) Romano | B) Persa | C) Griego,A
280 Trilogia famosa con un anillo y un mago? | A) El senor de los anillos | B) Narnia | C) Harry Potter,A
281 Autor de Cien anios de soledad? | A) Julio Cortazar | B) Mario Vargas Llosa | C) Gabriel Garcia Marquez,C
282 Estacion posterior a la primavera en el hemisferio sur? | A) Verano | B) Invierno | C) Otono,B
283 Planeta conocido como el planeta rojo? | A) Jupiter | B) Marte | C) Mercurio,B
284 Messi gano el Mundial con Argentina en? | A) 2018 | B) 2014 | C) 2022,C
285 Franquicia con Pokebolas? | A) Pokemon | B) Digimon | C) Yo Kai Watch,A
286 Proceso por el cual las plantas producen alimento? | A) Fermentacion | B) Respiracion | C) Fotosintesis,C
287 Superficie principal de Roland Garros? | A) Dura | B) Cesped | C) Arcilla,C
288 Lider de la independencia de la India con no violencia? | A) Nehru | B) Jinnah | C) Gandhi,C
289 Tejido donde ocurre el intercambio de gases? | A) Higado | B) Rinones | C) Pulmones,C
290 Metal mas ligero? | A) Aluminio | B) Litio | C) Magnesio,B
291 La NBA corresponde a? | A) Hockey | B) Baloncesto | C) Beisbol,B
292 Primera mujer en ganar un Premio Nobel? | A) Ada Lovelace | B) Rosalind Franklin | C) Marie Curie,C
293 Anio en que comenzo la Segunda Guerra Mundial? | A) 1939 | B) 1945 | C) 1914,A
294 Principal satelite natural de la Tierra? | A) La Luna | B) Titan | C) Fobos,A
295 Barco que se hundio en 1912? | A) Lusitania | B) Titanic | C) Britannic,B
296 Franquicia con Pokebolas? | A) Digimon | B) Pokemon | C) Yo Kai Watch,B
297 Primer hombre en pisar la Luna? | A) Buzz Aldrin | B) Neil Armstrong | C) Yuri Gagarin,B
298 Proceso por el cual las plantas producen alimento? | A) Fotosintesis | B) Respiracion | C) Fermentacion,A
299 Color que resulta de mezclar azul y amarillo? | A) Naranja | B) Verde | C) Violeta,B
300 Superficie principal de Roland Garros? | A) Cesped | B) Arcilla | C) Dura,B
301 Particula con carga negativa? | A) Electron | B) Neutron | C) Proton,A
302 Particula con carga negativa? | A) Electron | B) Proton | C) Neutron,A
303 Organo que bombea la sangre? | A) Higado | B) Corazon | C) Pulmon,B
304 Lider de la independencia de la India con no violencia? | A) Gandhi | B) Jinnah | C) Nehru,A
305 Primera mujer en ganar un Premio Nobel? | A) Rosalind Franklin | B) Ada Lovelace | C) Marie Curie,C
306 Libertador de Chile? | A) Jose de San Martin | B) Manuel Rodriguez | C) Bernardo O Higgins,C
307 Principal satelite natural de la Tierra? | A) Fobos | B) La Luna | C) Titan,B
308 Gas mas abundante del aire? | A) Dioxido de carbono | B) Oxigeno | C) Nitrogeno,C
309 Pintor del Guernica? | A) Joan Miro | B) Salvador Dali | C) Pablo Picasso,C
310 Libertador de Chile? | A) Jose de San Martin | B) Manuel Rodriguez | C) Bernardo O Higgins,C
311 Cuantos anillos olimpicos hay? | A) 4 | B) 6 | C) 5,C
312 Primer hombre en pisar la Luna? | A) Neil Armstrong | B) Yuri Gagarin | C) Buzz Aldrin,A
313 Instrumento de teclas y cuerdas? | A) Guitarra | B) Flauta | C) Piano,C
314 Barco que se hundio en 1912? | A) Lusitania | B) Britannic | C) Titanic,C
315 Pais sede del Mundial FIFA 2014? | A) Brasil | B) Alemania | C) Sudafrica,A
316 Anio en que comenzo la Segunda Guerra Mundial? | A) 1945 | B) 1914 | C) 1939,C
317 Pintor del Guernica? | A) Joan Miro | B) Pablo Picasso | C) Salvador Dali,B
318 Pais de nacimiento de Simon Bolivar? | A) Peru | B) Venezuela | C) Colombia,B
319 Autor de Cien anios de soledad? | A) Julio Cortazar | B) Gabriel Garcia Marquez | C) Mario Vargas Llosa,B
320 Pintor del Guernica? | A) Pablo Picasso | B) Joan Miro | C) Salvador Dali,A
321 Anio en que comenzo la Segunda Guerra Mundial? | A) 1914 | B) 1945 | C) 1939,C
322 Imperio de Julio Cesar? | A) Persa | B) Romano | C) Griego,B
323 Planeta conocido como el planeta rojo? | A) Mercurio | B) Marte | C) Jupiter,B
324 Artista del album Thriller? | A) Prince | B) Madonna | C) Michael Jackson,C
325 Boya de colores en el mar indica? | A) Pesca | B) Surf | C) Senalizacion,C
326 Libertador de Chile? | A) Manuel Rodriguez | B) Bernardo O Higgins | C) Jose de San Martin,B
327 La NBA corresponde a? | A) Hockey | B) Baloncesto | C) Beisbol,B
328 Torneo mas importante de clubes en Europa? | A) Conference League | B) Europa League | C) Liga de Campeones,C
329 Trilogia famosa con un anillo y un mago? | A) Harry Potter | B) El senor de los anillos | C) Narnia,B
330 Cristiano Ronaldo es originario de? | A) Portugal | B) Espana | C) Brasil,A
331 Metal mas ligero? | A) Magnesio | B) Aluminio | C) Litio,C
332 Cristiano Ronaldo es originario de? | A) Portugal | B) Brasil | C) Espana,A
333 Gol en tenis se llama? | A) Gol | B) Punto | C) Canasta,B
334 Pais de nacimiento de Simon Bolivar? | A) Peru | B) Colombia | C) Venezuela,C
335 Cual es la capital de Turquia? | A) Pekin | B) Ankara | C) Caracas,B
336 Pais de nacimiento de Simon Bolivar? | A) Venezuela | B) Colombia | C) Peru,A
337 Cuantos anillos olimpicos hay? | A) 5 | B) 4 | C) 6,A
338 Primer hombre en pisar la Luna? | A) Yuri Gagarin | B) Neil Armstrong | C) Buzz Aldrin,B
339 Lider de la independencia de la India con no violencia? | A) Gandhi | B) Jinnah | C) Nehru,A
340 Superficie principal de Roland Garros? | A) Cesped | B) Dura | C) Arcilla,C
341 Pintor del Guernica? | A) Joan Miro | B) Salvador Dali | C) Pablo Picasso,C
342 Instrumento de teclas y cuerdas? | A) Guitarra | B) Flauta | C) Piano,C
343 Tejido donde ocurre el intercambio de gases? | A) Pulmones | B) Higado | C) Rinones,A
344 Autor de Cien anios de soledad? | A) Julio Cortazar | B) Gabriel Garcia Marquez | C) Mario Vargas Llosa,B
345 Libertador de Chile? | A) Jose de San Martin | B) Manuel Rodriguez | C) Bernardo O Higgins,C
346 Lengua oficial de Brasil? | A) Portugues | B) Ingles | C) Espanol,A
347 Quien pinto La Gioconda? | A) Leonardo da Vinci | B) Miguel Angel | C) Rafael,A
348 Lengua con mas hablantes nativos? | A) Espanol | B) Chino mandarin | C) Ingles,B
349 Tejido donde ocurre el intercambio de gases? | A) Pulmones | B) Higado | C) Rinones,A
350 Que vitamina se obtiene del sol? | A) Vitamina D | B) Vitamina C | C) Vitamina B12,A
351 Proceso por el cual las plantas producen alimento? | A) Fermentacion | B) Respiracion | C) Fotosintesis,C
352 Principal satelite natural de la Tierra? | A) Fobos | B) La Luna | C) Titan,B
353 Messi gano el Mundial con Argentina en? | A) 2018 | B) 2014 | C) 2022,C
354 Trilogia famosa con un anillo y un mago? | A) Harry Potter | B) El senor de los anillos | C) Narnia,B
355 Primera mujer en ganar un Premio Nobel? | A) Rosalind Franklin | B) Ada Lovelace | C) Marie Curie,C
356 Compositor de Fur Elise? | A) Bach | B) Beethoven | C) Mozart,B
357 Gas mas abundante del aire? | A) Dioxido de carbono | B) Oxigeno | C) Nitrogeno,C
358 Boya de colores en el mar indica? | A) Senalizacion | B) Pesca | C) Surf,A
359 Bebida tradicional de Argentina y Uruguay? | A) Te | B) Cafe | C) Mate,C
360 Lengua con mas hablantes nativos? | A) Ingles | B) Chino mandarin | C) Espanol,B
361 Primera mujer en ganar un Premio Nobel? | A) Marie Curie | B) Rosalind Franklin | C) Ada Lovelace,A
362 Que vitamina se obtiene del sol? | A) Vitamina B12 | B) Vitamina C | C) Vitamina D,C
363 Tejido donde ocurre el intercambio de gases? | A) Pulmones | B) Rinones | C) Higado,A
364 Cristiano Ronaldo es originario de? | A) Brasil | B) Portugal | C) Espana,B
365 Gol en tenis se llama? | A) Canasta | B) Gol | C) Punto,C
366 Quien pinto La Gioconda? | A) Miguel Angel | B) Rafael | C) Leonardo da Vinci,C
367 Gas mas abundante del aire? | A) Dioxido de carbono | B) Nitrogeno | C) Oxigeno,B
368 Messi gano el Mundial con Argentina en? | A) 2018 | B) 2014 | C) 2022,C
369 Metal mas ligero? | A) Litio | B) Magnesio | C) Aluminio,A
370 Autor de Cien anios de soledad? | A) Mario Vargas Llosa | B) Julio Cortazar | C) Gabriel Garcia Marquez,C
371 Torneo mas importante de clubes en Europa? | A) Conference League | B) Liga de Campeones | C) Europa League,B
372 Pintor del Guernica? | A) Salvador Dali | B) Joan Miro | C) Pablo Picasso,C
373 Cuantos jugadores por equipo en futbol en cancha? | A) 12 | B) 10 | C) 11,C
374 Estacion posterior a la primavera en el hemisferio sur? | A) Invierno | B) Otono | C) Verano,A
375 Franquicia con Pokebolas? | A) Yo Kai Watch | B) Pokemon | C) Digimon,B
376 Quien pinto La Gioconda? | A) Miguel Angel | B) Rafael | C) Leonardo da Vinci,C
377 Color que resulta de mezclar azul y amarillo? | A) Naranja | B) Verde | C) Violeta,B
378 Compositor de Fur Elise? | A) Beethoven | B) Bach | C) Mozart,A
379 Particula con carga negativa? | A) Neutron | B) Proton | C) Electron,C
380 Instrumento de teclas y cuerdas? | A) Guitarra | B) Piano | C) Flauta,B
381 Estudio de Toy Story? | A) Illumination | B) DreamWorks | C) Pixar,C
382 Proceso por el cual las plantas producen alimento? | A) Fermentacion | B) Respiracion | C) Fotosintesis,C
383 Estacion posterior a la primavera en el hemisferio sur? | A) Verano | B) Otono | C) Invierno,C
384 Civilizacion que construyo las piramides de Giza? | A) Romana | B) Egipcia | C) Maya,B
385 Pais sede del Mundial FIFA 2014? | A) Sudafrica | B) Alemania | C) Brasil,C
386 Que vitamina se obtiene del sol? | A) Vitamina D | B) Vitamina B12 | C) Vitamina C,A
387 Proceso por el cual las plantas producen alimento? | A) Fotosintesis | B) Fermentacion | C) Respiracion,A
388 Planta que produce algodon? | A) Algodonero | B) Maiz | C) Trigo,A
389 La NBA corresponde a? | A) Hockey | B) Beisbol | C) Baloncesto,C
390 Bebida tradicional de Argentina y Uruguay? | A) Cafe | B) Mate | C) Te,B
391 Organo que bombea la sangre? | A) Pulmon | B) Corazon | C) Higado,B
392 Cuantos jugadores por equipo en futbol en cancha? | A) 10 | B) 11 | C) 12,B
393 Cristiano Ronaldo es originario de? | A) Portugal | B) Brasil | C) Espana,A
394 Barco que se hundio en 1912? | A) Britannic | B) Titanic | C) Lusitania,B
395 Lengua oficial de Brasil? | A) Ingles | B) Espanol | C) Portugues,C
396 Artista del album Thriller? | A) Michael Jackson | B) Prince | C) Madonna,A
397 Pais de nacimiento de Simon Bolivar? | A) Colombia | B) Peru | C) Venezuela,C
398 Que vitamina se obtiene del sol? | A) Vitamina C | B) Vitamina D | C) Vitamina B12,B
399 Lider de la independencia de la India con no violencia? | A) Jinnah | B) Nehru | C) Gandhi,C
400 Superficie principal de Roland Garros? | A) Cesped | B) Arcilla | C) Dura,B
401 Trilogia famosa con un anillo y un mago? | A) Harry Potter | B) El senor de los anillos | C) Narnia,B
402 Planta que produce algodon? | A) Trigo | B) Algodonero | C) Maiz,B
403 Artista del album Thriller? | A) Prince | B) Michael Jackson | C) Madonna,B
404 Bebida tradicional de Argentina y Uruguay? | A) Te | B) Cafe | C) Mate,C
405 Rama de la ciencia que estudia los seres vivos? | A) Fisica | B) Biologia | C) Geologia,B
406 Superficie principal de Roland Garros? | A) Cesped | B) Dura | C) Arcilla,C
407 Estudio de Toy Story? | A) Illumination | B) DreamWorks | C) Pixar,C
408 Cuantos anillos olimpicos hay? | A) 6 | B) 5 | C) 4,B
409 Color que resulta de mezclar azul y amarillo? | A) Violeta | B) Verde | C) Naranja,B
410 Instrumento de teclas y cuerdas? | A) Guitarra | B) Piano | C) Flauta,B
411 Cuantos anillos olimpicos hay? | A) 4 | B) 5 | C) 6,B
412 Pais donde esta Machu Picchu? | A) Ecuador | B) Bolivia | C) Peru,C
413 Imperio de Julio Cesar? | A) Persa | B) Romano | C) Griego,B
414 Gas mas abundante del aire? | A) Dioxido de carbono | B) Oxigeno | C) Nitrogeno,C
415 Autor de Cien anios de soledad? | A) Julio Cortazar | B) Gabriel Garcia Marquez | C) Mario Vargas Llosa,B
416 Instrumento de teclas y cuerdas? | A) Flauta | B) Piano | C) Guitarra,B
417 Gas mas abundante del aire? | A) Dioxido de carbono | B) Nitrogeno | C) Oxigeno,B
418 H2O es la formula de? | A) Agua | B) Peroxido | C) Oxigeno,A
419 Organo que bombea la sangre? | A) Corazon | B) Pulmon | C) Higado,A
420 Organo que bombea la sangre? | A) Higado | B) Corazon | C) Pulmon,B
421 Kamehameha pertenece a? | A) Dragon Ball | B) Naruto | C) One Piece,A
422 Cuantos jugadores por equipo en futbol en cancha? | A) 11 | B) 10 | C) 12,A
423 Civilizacion que construyo las piramides de Giza? | A) Egipcia | B) Romana | C) Maya,A
424 Artista del album Thriller? | A) Madonna | B) Prince | C) Michael Jackson,C
425 Anio en que comenzo la Segunda Guerra Mundial? | A) 1945 | B) 1914 | C) 1939,C
426 Pais de nacimiento de Simon Bolivar? | A) Colombia | B) Venezuela | C) Peru,B
427 Que vitamina se obtiene del sol? | A) Vitamina B12 | B) Vitamina D | C) Vitamina C,B
428 Torneo mas importante de clubes en Europa? | A) Conference League | B) Europa League | C) Liga de Campeones,C
429 Civilizacion que construyo las piramides de Giza? | A) Romana | B) Maya | C) Egipcia,C
430 Lider de la independencia de la India con no violencia? | A) Gandhi | B) Nehru | C) Jinnah,A
431 Que vitamina se obtiene del sol? | A) Vitamina B12 | B) Vitamina D | C) Vitamina C,B
432 Anio en que comenzo la Segunda Guerra Mundial? | A) 1945 | B) 1914 | C) 1939,C
433 Que vitamina se obtiene del sol? | A) Vitamina C | B) Vitamina D | C) Vitamina B12,B
434 Estudio de Toy Story? | A) Pixar | B) DreamWorks | C) Illumination,A
435 Particula con carga negativa? | A) Proton | B) Neutron | C) Electron,C
436 Anio en que comenzo la Segunda Guerra Mundial? | A) 1939 | B) 1945 | C) 1914,A
437 Lengua con mas hablantes nativos? | A) Chino mandarin | B) Ingles | C) Espanol,A
438 Unidad SI de fuerza? | A) Pascal | B) Joule | C) Newton,C
439 Unidad SI de fuerza? | A) Pascal | B) Joule | C) Newton,C
440 Lengua oficial de Brasil? | A) Portugues | B) Ingles | C) Espanol,A
441 Planeta conocido como el planeta rojo? | A) Mercurio | B) Jupiter | C) Marte,C
442 Organo que bombea la sangre? | A) Higado | B) Pulmon | C) Corazon,C
443 Artista del album Thriller? | A) Madonna | B) Michael Jackson | C) Prince,B
444 Artista del album Thriller? | A) Michael Jackson | B) Prince | C) Madonna,A
445 Serie con dragones y un trono? | A) Vikings | B) Game of Thrones | C) The Witcher,B
446 Planta que produce algodon? | A) Trigo | B) Maiz | C) Algodonero,C
447 Particula con carga negativa? | A) Electron | B) Neutron | C) Proton,A
448 Libertador de Chile? | A) Manuel Rodriguez | B) Jose de San Martin | C) Bernardo O Higgins,C
449 Artista del album Thriller? | A) Michael Jackson | B) Madonna | C) Prince,A
450 Particula con carga negativa? | A) Proton | B) Neutron | C) Electron,C
451 Lengua oficial de Brasil? | A) Espanol | B) Ingles | C) Portugues,C
452 Primera mujer en ganar un Premio Nobel? | A) Ada Lovelace | B) Rosalind Franklin | C) Marie Curie,C
453 Torneo mas importante de clubes en Europa? | A) Conference League | B) Liga de Campeones | C) Europa League,B
454 Cristiano Ronaldo es originario de? | A) Portugal | B) Espana | C) Brasil,A
455 Pais de nacimiento de Simon Bolivar? | A) Peru | B) Venezuela | C) Colombia,B
456 Pintor del Guernica? | A) Salvador Dali | B) Pablo Picasso | C) Joan Miro,B
457 Gas mas abundante del aire? | A) Oxigeno | B) Nitrogeno | C) Dioxido de carbono,B
458 La NBA corresponde a? | A) Hockey | B) Baloncesto | C) Beisbol,B
459 Gas mas abundante del aire? | A) Oxigeno | B) Dioxido de carbono | C) Nitrogeno,C
460 Gas mas abundante del aire? | A) Dioxido de carbono | B) Nitrogeno | C) Oxigeno,B
461 Cuantos jugadores por equipo en futbol en cancha? | A) 11 | B) 12 | C) 10,A
462 Primera mujer en ganar un Premio Nobel? | A) Ada Lovelace | B) Marie Curie | C) Rosalind Franklin,B
463 Trilogia famosa con un anillo y un mago? | A) Narnia | B) El senor de los anillos | C) Harry Potter,B
464 Cristiano Ronaldo es originario de? | A) Portugal | B) Brasil | C) Espana,A
465 Animal conocido como el rey de la selva? | A) Leon | B) Tigre | C) Pantera,A
466 Que vitamina se obtiene del sol? | A) Vitamina B12 | B) Vitamina C | C) Vitamina D,C
467 Serie con dragones y un trono? | A) The Witcher | B) Game of Thrones | C) Vikings,B
468 Barco que se hundio en 1912? | A) Lusitania | B) Titanic | C) Britannic,B
469 Rama de la ciencia que estudia los seres vivos? | A) Biologia | B) Fisica | C) Geologia,A
470 Tejido donde ocurre el intercambio de gases? | A) Higado | B) Rinones | C) Pulmones,C
471 Lider de la independencia de la India con no violencia? | A) Gandhi | B) Jinnah | C) Nehru,A
472 Kamehameha pertenece a? | A) Naruto | B) One Piece | C) Dragon Ball,C
473 Serie con dragones y un trono? | A) The Witcher | B) Game of Thrones | C) Vikings,B
474 Superficie principal de Roland Garros? | A) Arcilla | B) Dura | C) Cesped,A
475 Primer hombre en pisar la Luna? | A) Yuri Gagarin | B) Buzz Aldrin | C) Neil Armstrong,C
476 Unidad SI de fuerza? | A) Newton | B) Joule | C) Pascal,A
477 Anio en que comenzo la Segunda Guerra Mundial? | A) 1939 | B) 1914 | C) 1945,A
478 Primer hombre en pisar la Luna? | A) Neil Armstrong | B) Buzz Aldrin | C) Yuri Gagarin,A
479 Organo que bombea la sangre? | A) Higado | B) Pulmon | C) Corazon,C
480 Estacion posterior a la primavera en el hemisferio sur? | A) Verano | B) Invierno | C) Otono,B
481 Autor de Cien anios de soledad? | A) Gabriel Garcia Marquez | B) Mario Vargas Llosa | C) Julio Cortazar,A
482 Deporte principal de Michael Jordan? | A) Futbol americano | B) Baloncesto | C) Beisbol,B
483 Barco que se hundio en 1912? | A) Britannic | B) Lusitania | C) Titanic,C
484 Autor de Cien anios de soledad? | A) Mario Vargas Llosa | B) Julio Cortazar | C) Gabriel Garcia Marquez,C
485 Organo que bombea la sangre? | A) Pulmon | B) Corazon | C) Higado,B
486 Superficie principal de Roland Garros? | A) Dura | B) Cesped | C) Arcilla,C
487 Cuantos anillos olimpicos hay? | A) 6 | B) 5 | C) 4,B
488 Libertador de Chile? | A) Jose de San Martin | B) Bernardo O Higgins | C) Manuel Rodriguez,B
489 Torneo mas importante de clubes en Europa? | A) Europa League | B) Liga de Campeones | C) Conference League,B
490 Proceso por el cual las plantas producen alimento? | A) Fermentacion | B) Respiracion | C) Fotosintesis,C
491 Messi gano el Mundial con Argentina en? | A) 2018 | B) 2022 | C) 2014,B
492 Barco que se hundio en 1912? | A) Lusitania | B) Britannic | C) Titanic,C
493 Lengua oficial de Brasil? | A) Ingles | B) Espanol | C) Portugues,C
494 Torneo mas importante de clubes en Europa? | A) Europa League | B) Conference League | C) Liga de Campeones,C
495 Instrumento de teclas y cuerdas? | A) Guitarra | B) Piano | C) Flauta,B
496 H2O es la formula de? | A) Agua | B) Peroxido | C) Oxigeno,A
497 Kamehameha pertenece a? | A) Dragon Ball | B) Naruto | C) One Piece,A
498 La NBA corresponde a? | A) Beisbol | B) Baloncesto | C) Hockey,B
499 Pintor del Guernica? | A) Joan Miro | B) Pablo Picasso | C) Salvador Dali,B
500 Pintor del Guernica? | A) Joan Miro | B) Pablo Picasso | C) Salvador Dali,B
501 Cristiano Ronaldo es originario de? | A) Brasil | B) Espana | C) Portugal,C
502 Tejido donde ocurre el intercambio de gases? | A) Pulmones | B) Higado | C) Rinones,A
503 Cual es la capital de Dinamarca? | A) Londres | B) Copenhague | C) Praga,B
504 Franquicia con Pokebolas? | A) Yo Kai Watch | B) Digimon | C) Pokemon,C
505 Cuantos jugadores por equipo en futbol en cancha? | A) 11 | B) 10 | C) 12,A
506 Bebida tradicional de Argentina y Uruguay? | A) Te | B) Cafe | C) Mate,C
507 Primer hombre en pisar la Luna? | A) Buzz Aldrin | B) Neil Armstrong | C) Yuri Gagarin,B
508 La NBA corresponde a? | A) Hockey | B) Beisbol | C) Baloncesto,C
509 Que vitamina se obtiene del sol? | A) Vitamina D | B) Vitamina C | C) Vitamina B12,A
510 Serie con dragones y un trono? | A) Game of Thrones | B) The Witcher | C) Vikings,A
511 Imperio de Julio Cesar? | A) Griego | B) Persa | C) Romano,C
512 Pais sede del Mundial FIFA 2014? | A) Brasil | B) Sudafrica | C) Alemania,A
513 Messi gano el Mundial con Argentina en? | A) 2022 | B) 2018 | C) 2014,A
514 Particula con carga negativa? | A) Proton | B) Electron | C) Neutron,B
515 Metal mas ligero? | A) Litio | B) Magnesio | C) Aluminio,A
516 Kamehameha pertenece a? | A) One Piece | B) Naruto | C) Dragon Ball,C
517 Pais de nacimiento de Simon Bolivar? | A) Colombia | B) Venezuela | C) Peru,B
518 Imperio de Julio Cesar? | A) Griego | B) Romano | C) Persa,B
519 Rama de la ciencia que estudia los seres vivos? | A) Geologia | B) Fisica | C) Biologia,C
520 Particula con carga negativa? | A) Electron | B) Proton | C) Neutron,A
521 Civilizacion que construyo las piramides de Giza? | A) Maya | B) Egipcia | C) Romana,B
522 Lengua oficial de Brasil? | A) Ingles | B) Portugues | C) Espanol,B
523 Gas mas abundante del aire? | A) Nitrogeno | B) Oxigeno | C) Dioxido de carbono,A
524 Compositor de Fur Elise? | A) Mozart | B) Bach | C) Beethoven,C
525 La NBA corresponde a? | A) Baloncesto | B) Hockey | C) Beisbol,A
526 Particula con carga negativa? | A) Proton | B) Neutron | C) Electron,C
527 Organo que bombea la sangre? | A) Higado | B) Corazon | C) Pulmon,B
528 Organo que bombea la sangre? | A) Higado | B) Pulmon | C) Corazon,C
529 Unidad SI de fuerza? | A) Newton | B) Pascal | C) Joule,A
530 Serie con dragones y un trono? | A) The Witcher | B) Vikings | C) Game of Thrones,C
531 Planeta conocido como el planeta rojo? | A) Marte | B) Mercurio | C) Jupiter,A
532 Primera mujer en ganar un Premio Nobel? | A) Ada Lovelace | B) Rosalind Franklin | C) Marie Curie,C
533 Que vitamina se obtiene del sol? | A) Vitamina B12 | B) Vitamina D | C) Vitamina C,B
534 Bebida tradicional de Argentina y Uruguay? | A) Te | B) Mate | C) Cafe,B
535 Planta que produce algodon? | A) Trigo | B) Algodonero | C) Maiz,B
536 Lengua con mas hablantes nativos? | A) Chino mandarin | B) Espanol | C) Ingles,A
537 Proceso por el cual las plantas producen alimento? | A) Respiracion | B) Fotosintesis | C) Fermentacion,B
538 Lider de la independencia de la India con no violencia? | A) Nehru | B) Gandhi | C) Jinnah,B
539 Deporte principal de Michael Jordan? | A) Baloncesto | B) Beisbol | C) Futbol americano,A
540 Planta que produce algodon? | A) Maiz | B) Algodonero | C) Trigo,B
541 Metal mas ligero? | A) Aluminio | B) Litio | C) Magnesio,B
542 Instrumento de teclas y cuerdas? | A) Piano | B) Guitarra | C) Flauta,A
543 Tejido donde ocurre el intercambio de gases? | A) Rinones | B) Pulmones | C) Higado,B
544 Planeta conocido como el planeta rojo? | A) Jupiter | B) Marte | C) Mercurio,B
545 Lengua con mas hablantes nativos? | A) Chino mandarin | B) Ingles | C) Espanol,A
546 Messi gano el Mundial con Argentina en? | A) 2022 | B) 2014 | C) 2018,A
547 Estacion posterior a la primavera en el hemisferio sur? | A) Otono | B) Verano | C) Invierno,C
548 Superficie principal de Roland Garros? | A) Cesped | B) Dura | C) Arcilla,C
549 Gas mas abundante del aire? | A) Dioxido de carbono | B) Oxigeno | C) Nitrogeno,C
550 Messi gano el Mundial con Argentina en? | A) 2014 | B) 2018 | C) 2022,C
551 Unidad SI de fuerza? | A) Newton | B) Joule | C) Pascal,A
552 Que vitamina se obtiene del sol? | A) Vitamina D | B) Vitamina C | C) Vitamina B12,A
553 Organo que bombea la sangre? | A) Pulmon | B) Corazon | C) Higado,B
554 Artista del album Thriller? | A) Prince | B) Michael Jackson | C) Madonna,B
555 Gol en tenis se llama? | A) Canasta | B) Punto | C) Gol,B
556 Primera mujer en ganar un Premio Nobel? | A) Ada Lovelace | B) Rosalind Franklin | C) Marie Curie,C
557 Superficie principal de Roland Garros? | A) Dura | B) Arcilla | C) Cesped,B
558 Barco que se hundio en 1912? | A) Britannic | B) Lusitania | C) Titanic,C
559 Pais sede del Mundial FIFA 2014? | A) Sudafrica | B) Alemania | C) Brasil,C
560 Estacion posterior a la primavera en el hemisferio sur? | A) Invierno | B) Otono | C) Verano,A
561 Quien pinto La Gioconda? | A) Miguel Angel | B) Rafael | C) Leonardo da Vinci,C
562 Organo que bombea la sangre? | A) Higado | B) Corazon | C) Pulmon,B
563 H2O es la formula de? | A) Peroxido | B) Oxigeno | C) Agua,C
564 Anio en que comenzo la Segunda Guerra Mundial? | A) 1945 | B) 1939 | C) 1914,B
565 Estudio de Toy Story? | A) Pixar | B) DreamWorks | C) Illumination,A
566 Civilizacion que construyo las piramides de Giza? | A) Maya | B) Egipcia | C) Romana,B
567 Serie con dragones y un trono? | A) The Witcher | B) Vikings | C) Game of Thrones,C
568 Trilogia famosa con un anillo y un mago? | A) Harry Potter | B) El senor de los anillos | C) Narnia,B
569 Gol en tenis se llama? | A) Gol | B) Punto | C) Canasta,B
570 Serie con dragones y un trono? | A) Game of Thrones | B) The Witcher | C) Vikings,A
571 Barco que se hundio en 1912? | A) Lusitania | B) Britannic | C) Titanic,C
572 Instrumento de teclas y cuerdas? | A) Piano | B) Guitarra | C) Flauta,A
573 Que vitamina se obtiene del sol? | A) Vitamina B12 | B) Vitamina C | C) Vitamina D,C
574 Kamehameha pertenece a? | A) Naruto | B) One Piece | C) Dragon Ball,C
575 Pais sede del Mundial FIFA 2014? | A) Sudafrica | B) Alemania | C) Brasil,C
576 Particula con carga negativa? | A) Neutron | B) Proton | C) Electron,C
577 Particula con carga negativa? | A) Neutron | B) Proton | C) Electron,C
578 Estacion posterior a la primavera en el hemisferio sur? | A) Verano | B) Invierno | C) Otono,B
579 Animal conocido como el rey de la selva? | A) Pantera | B) Tigre | C) Leon,C
580 Primera mujer en ganar un Premio Nobel? | A) Rosalind Franklin | B) Ada Lovelace | C) Marie Curie,C
581 Lider de la independencia de la India con no violencia? | A) Gandhi | B) Jinnah | C) Nehru,A
582 Primera mujer en ganar un Premio Nobel? | A) Ada Lovelace | B) Marie Curie | C) Rosalind Franklin,B
583 Torneo mas importante de clubes en Europa? | A) Liga de Campeones | B) Europa League | C) Conference League,A
584 Franquicia con Pokebolas? | A) Pokemon | B) Digimon | C) Yo Kai Watch,A
585 Pais de nacimiento de Simon Bolivar? | A) Colombia | B) Peru | C) Venezuela,C
586 Pais sede del Mundial FIFA 2014? | A) Sudafrica | B) Alemania | C) Brasil,C
587 Libertador de Chile? | A) Manuel Rodriguez | B) Bernardo O Higgins | C) Jose de San Martin,B
588 Cuantos jugadores por equipo en futbol en cancha? | A) 11 | B) 12 | C) 10,A
589 Serie con dragones y un trono? | A) Vikings | B) Game of Thrones | C) The Witcher,B
590 Primer hombre en pisar la Luna? | A) Neil Armstrong | B) Yuri Gagarin | C) Buzz Aldrin,A
591 Libertador de Chile? | A) Jose de San Martin | B) Manuel Rodriguez | C) Bernardo O Higgins,C
592 Pais de nacimiento de Simon Bolivar? | A) Colombia | B) Venezuela | C) Peru,B
593 Quien pinto La Gioconda? | A) Rafael | B) Leonardo da Vinci | C) Miguel Angel,B
594 Color que resulta de mezclar azul y amarillo? | A) Naranja | B) Violeta | C) Verde,C
595 Gol en tenis se llama? | A) Gol | B) Punto | C) Canasta,B
596 Barco que se hundio en 1912? | A) Titanic | B) Lusitania | C) Britannic,A
597 Barco que se hundio en 1912? | A) Titanic | B) Lusitania | C) Britannic,A
598 Que vitamina se obtiene del sol? | A) Vitamina D | B) Vitamina B12 | C) Vitamina C,A
599 Organo que bombea la sangre? | A) Pulmon | B) Corazon | C) Higado,B
600 Autor de Cien anios de soledad? | A) Julio Cortazar | B) Gabriel Garcia Marquez | C) Mario Vargas Llosa,B
601 Tejido donde ocurre el intercambio de gases? | A) Rinones | B) Higado | C) Pulmones,C
602 Particula con carga negativa? | A) Proton | B) Electron | C) Neutron,B
603 Bebida tradicional de Argentina y Uruguay? | A) Mate | B) Te | C) Cafe,A
604 Cuantos anillos olimpicos hay? | A) 5 | B) 4 | C) 6,A
605 H2O es la formula de? | A) Peroxido | B) Agua | C) Oxigeno,B
606 Primera mujer en ganar un Premio Nobel? | A) Rosalind Franklin | B) Ada Lovelace | C) Marie Curie,C
607 Pais sede del Mundial FIFA 2014? | A) Sudafrica | B) Brasil | C) Alemania,B
608 Color que resulta de mezclar azul y amarillo? | A) Naranja | B) Violeta | C) Verde,C
609 Libertador de Chile? | A) Jose de San Martin | B) Bernardo O Higgins | C) Manuel Rodriguez,B
610 Cuantos anillos olimpicos hay? | A) 4 | B) 5 | C) 6,B
611 Pintor del Guernica? | A) Salvador Dali | B) Joan Miro | C) Pablo Picasso,C
612 Anio en que comenzo la Segunda Guerra Mundial? | A) 1914 | B) 1939 | C) 1945,B
613 Primer hombre en pisar la Luna? | A) Neil Armstrong | B) Yuri Gagarin | C) Buzz Aldrin,A
614 Quien pinto La Gioconda? | A) Rafael | B) Miguel Angel | C) Leonardo da Vinci,C
615 H2O es la formula de? | A) Agua | B) Peroxido | C) Oxigeno,A
616 Imperio de Julio Cesar? | A) Persa | B) Romano | C) Griego,B
617 Cristiano Ronaldo es originario de? | A) Brasil | B) Portugal | C) Espana,B
618 Kamehameha pertenece a? | A) One Piece | B) Dragon Ball | C) Naruto,B
619 Boya de colores en el mar indica? | A) Senalizacion | B) Pesca | C) Surf,A
620 Serie con dragones y un trono? | A) Vikings | B) The Witcher | C) Game of Thrones,C
621 Kamehameha pertenece a? | A) Naruto | B) Dragon Ball | C) One Piece,B
622 Gol en tenis se llama? | A) Gol | B) Punto | C) Canasta,B
623 Franquicia con Pokebolas? | A) Digimon | B) Pokemon | C) Yo Kai Watch,B
624 Metal mas ligero? | A) Litio | B) Magnesio | C) Aluminio,A
625 Autor de Cien anios de soledad? | A) Gabriel Garcia Marquez | B) Mario Vargas Llosa | C) Julio Cortazar,A
626 Franquicia con Pokebolas? | A) Pokemon | B) Digimon | C) Yo Kai Watch,A
627 Deporte principal de Michael Jordan? | A) Baloncesto | B) Beisbol | C) Futbol americano,A
628 Proceso por el cual las plantas producen alimento? | A) Respiracion | B) Fotosintesis | C) Fermentacion,B
629 Organo que bombea la sangre? | A) Pulmon | B) Corazon | C) Higado,B
630 Lengua con mas hablantes nativos? | A) Espanol | B) Ingles | C) Chino mandarin,C
631 Messi gano el Mundial con Argentina en? | A) 2022 | B) 2014 | C) 2018,A
632 Lider de la independencia de la India con no violencia? | A) Jinnah | B) Gandhi | C) Nehru,B
633 Civilizacion que construyo las piramides de Giza? | A) Egipcia | B) Romana | C) Maya,A
634 Que vitamina se obtiene del sol? | A) Vitamina C | B) Vitamina D | C) Vitamina B12,B
635 Primera mujer en ganar un Premio Nobel? | A) Ada Lovelace | B) Rosalind Franklin | C) Marie Curie,C
636 Cual es la capital de Mexico? | A) Ciudad de Mexico | B) Dublin | C) Atenas,A
637 Metal mas ligero? | A) Aluminio | B) Magnesio | C) Litio,C
638 Unidad SI de fuerza? | A) Pascal | B) Joule | C) Newton,C
639 Rama de la ciencia que estudia los seres vivos? | A) Geologia | B) Fisica | C) Biologia,C
640 Pais de nacimiento de Simon Bolivar? | A) Peru | B) Colombia | C) Venezuela,C
641 Barco que se hundio en 1912? | A) Britannic | B) Lusitania | C) Titanic,C
642 Que vitamina se obtiene del sol? | A) Vitamina B12 | B) Vitamina C | C) Vitamina D,C
643 Autor de Cien anios de soledad? | A) Gabriel Garcia Marquez | B) Julio Cortazar | C) Mario Vargas Llosa,A
644 Compositor de Fur Elise? | A) Bach | B) Beethoven | C) Mozart,B
645 Estudio de Toy Story? | A) Pixar | B) Illumination | C) DreamWorks,A
646 Particula con carga negativa? | A) Electron | B) Neutron | C) Proton,A
647 Quien pinto La Gioconda? | A) Leonardo da Vinci | B) Miguel Angel | C) Rafael,A
648 Planeta conocido como el planeta rojo? | A) Mercurio | B) Jupiter | C) Marte,C
649 Quien pinto La Gioconda? | A) Miguel Angel | B) Rafael | C) Leonardo da Vinci,C
650 Principal satelite natural de la Tierra? | A) La Luna | B) Fobos | C) Titan,A
651 Cristiano Ronaldo es originario de? | A) Espana | B) Brasil | C) Portugal,C
652 Planeta conocido como el planeta rojo? | A) Marte | B) Mercurio | C) Jupiter,A
653 Organo que bombea la sangre? | A) Higado | B) Pulmon | C) Corazon,C
654 Bebida tradicional de Argentina y Uruguay? | A) Te | B) Mate | C) Cafe,B
655 Civilizacion que construyo las piramides de Giza? | A) Romana | B) Egipcia | C) Maya,B
656 Trilogia famosa con un anillo y un mago? | A) Harry Potter | B) Narnia | C) El senor de los anillos,C
657 Lengua con mas hablantes nativos? | A) Espanol | B) Ingles | C) Chino mandarin,C
658 Principal satelite natural de la Tierra? | A) Titan | B) La Luna | C) Fobos,B
659 Lider de la independencia de la India con no violencia? | A) Nehru | B) Jinnah | C) Gandhi,C
660 Cuantos jugadores por equipo en futbol en cancha? | A) 10 | B) 11 | C) 12,B
661 Compositor de Fur Elise? | A) Mozart | B) Beethoven | C) Bach,B
662 Kamehameha pertenece a? | A) Dragon Ball | B) One Piece | C) Naruto,A
663 Libertador de Chile? | A) Bernardo O Higgins | B) Jose de San Martin | C) Manuel Rodriguez,A
664 Anio en que comenzo la Segunda Guerra Mundial? | A) 1945 | B) 1939 | C) 1914,B
665 Bebida tradicional de Argentina y Uruguay? | A) Cafe | B) Mate | C) Te,B
666 Civilizacion que construyo las piramides de Giza? | A) Romana | B) Egipcia | C) Maya,B
667 Civilizacion que construyo las piramides de Giza? | A) Maya | B) Romana | C) Egipcia,C
668 Organo que bombea la sangre? | A) Pulmon | B) Corazon | C) Higado,B
669 Unidad SI de fuerza? | A) Pascal | B) Newton | C) Joule,B
670 Principal satelite natural de la Tierra? | A) La Luna | B) Fobos | C) Titan,A
671 Planta que produce algodon? | A) Trigo | B) Algodonero | C) Maiz,B
672 Boya de colores en el mar indica? | A) Pesca | B) Senalizacion | C) Surf,B
673 Kamehameha pertenece a? | A) Naruto | B) Dragon Ball | C) One Piece,B
674 Pais sede del Mundial FIFA 2014? | A) Brasil | B) Sudafrica | C) Alemania,A
675 Superficie principal de Roland Garros? | A) Cesped | B) Dura | C) Arcilla,C
676 Compositor de Fur Elise? | A) Mozart | B) Bach | C) Beethoven,C
677 La NBA corresponde a? | A) Baloncesto | B) Beisbol | C) Hockey,A
678 Civilizacion que construyo las piramides de Giza? | A) Egipcia | B) Romana | C) Maya,A
679 La NBA corresponde a? | A) Baloncesto | B) Hockey | C) Beisbol,A
680 Color que resulta de mezclar azul y amarillo? | A) Verde | B) Violeta | C) Naranja,A
681 Compositor de Fur Elise? | A) Beethoven | B) Mozart | C) Bach,A
682 Estudio de Toy Story? | A) DreamWorks | B) Illumination | C) Pixar,C
683 Cristiano Ronaldo es originario de? | A) Portugal | B) Espana | C) Brasil,A
684 Pais sede del Mundial FIFA 2014? | A) Alemania | B) Sudafrica | C) Brasil,C
685 Gol en tenis se llama? | A) Gol | B) Canasta | C) Punto,C
686 Compositor de Fur Elise? | A) Bach | B) Mozart | C) Beethoven,C
687 Cuantos jugadores por equipo en futbol en cancha? | A) 12 | B) 10 | C) 11,C
688 Cuantos jugadores por equipo en futbol en cancha? | A) 12 | B) 10 | C) 11,C
689 Proceso por el cual las plantas producen alimento? | A) Respiracion | B) Fermentacion | C) Fotosintesis,C
690 Gol en tenis se llama? | A) Punto | B) Gol | C) Canasta,A
691 Primera mujer en ganar un Premio Nobel? | A) Marie Curie | B) Rosalind Franklin | C) Ada Lovelace,A
692 Torneo mas importante de clubes en Europa? | A) Liga de Campeones | B) Europa League | C) Conference League,A
693 Imperio de Julio Cesar? | A) Romano | B) Griego | C) Persa,A
694 Proceso por el cual las plantas producen alimento? | A) Respiracion | B) Fotosintesis | C) Fermentacion,B
695 Cual es la capital de Marruecos? | A) Rabat | B) La Paz | C) Paris,A
696 Animal conocido como el rey de la selva? | A) Pantera | B) Tigre | C) Leon,C
697 Libertador de Chile? | A) Jose de San Martin | B) Manuel Rodriguez | C) Bernardo O Higgins,C
698 Organo que bombea la sangre? | A) Pulmon | B) Corazon | C) Higado,B
699 Trilogia famosa con un anillo y un mago? | A) Narnia | B) El senor de los anillos | C) Harry Potter,B
700 Quien pinto La Gioconda? | A) Rafael | B) Miguel Angel | C) Leonardo da Vinci,C
701 Libertador de Chile? | A) Bernardo O Higgins | B) Jose de San Martin | C) Manuel Rodriguez,A
702 Civilizacion que construyo las piramides de Giza? | A) Maya | B) Egipcia | C) Romana,B
703 Messi gano el Mundial con Argentina en? | A) 2022 | B) 2014 | C) 2018,A
704 H2O es la formula de? | A) Agua | B) Oxigeno | C) Peroxido,A
705 Primera mujer en ganar un Premio Nobel? | A) Rosalind Franklin | B) Ada Lovelace | C) Marie Curie,C
706 Cuantos anillos olimpicos hay? | A) 6 | B) 4 | C) 5,C
707 Artista del album Thriller? | A) Michael Jackson | B) Prince | C) Madonna,A
708 Libertador de Chile? | A) Bernardo O Higgins | B) Manuel Rodriguez | C) Jose de San Martin,A
709 Quien pinto La Gioconda? | A) Rafael | B) Leonardo da Vinci | C) Miguel Angel,B
710 Color que resulta de mezclar azul y amarillo? | A) Violeta | B) Verde | C) Naranja,B
711 Compositor de Fur Elise? | A) Mozart | B) Beethoven | C) Bach,B
712 Cuantos jugadores por equipo en futbol en cancha? | A) 10 | B) 12 | C) 11,C
713 Kamehameha pertenece a? | A) Dragon Ball | B) One Piece | C) Naruto,A
714 Deporte principal de Michael Jordan? | A) Futbol americano | B) Beisbol | C) Baloncesto,C
715 Primera mujer en ganar un Premio Nobel? | A) Rosalind Franklin | B) Ada Lovelace | C) Marie Curie,C
716 Cual es la capital de Paraguay? | A) Praga | B) Asuncion | C) Paris,B
717 Superficie principal de Roland Garros? | A) Cesped | B) Arcilla | C) Dura,B
718 Lengua con mas hablantes nativos? | A) Chino mandarin | B) Espanol | C) Ingles,A
719 Cuantos anillos olimpicos hay? | A) 4 | B) 6 | C) 5,C
720 Anio en que comenzo la Segunda Guerra Mundial? | A) 1945 | B) 1914 | C) 1939,C
721 Instrumento de teclas y cuerdas? | A) Flauta | B) Piano | C) Guitarra,B
722 Cuantos anillos olimpicos hay? | A) 4 | B) 6 | C) 5,C
723 Pais de nacimiento de Simon Bolivar? | A) Colombia | B) Venezuela | C) Peru,B
724 Gol en tenis se llama? | A) Punto | B) Gol | C) Canasta,A
725 Unidad SI de fuerza? | A) Pascal | B) Newton | C) Joule,B
726 Primera mujer en ganar un Premio Nobel? | A) Ada Lovelace | B) Marie Curie | C) Rosalind Franklin,B
727 Messi gano el Mundial con Argentina en? | A) 2022 | B) 2018 | C) 2014,A
728 Animal conocido como el rey de la selva? | A) Leon | B) Tigre | C) Pantera,A
729 Libertador de Chile? | A) Jose de San Martin | B) Manuel Rodriguez | C) Bernardo O Higgins,C
730 Artista del album Thriller? | A) Prince | B) Michael Jackson | C) Madonna,B
731 Metal mas ligero? | A) Aluminio | B) Litio | C) Magnesio,B
732 Unidad SI de fuerza? | A) Pascal | B) Newton | C) Joule,B
733 Color que resulta de mezclar azul y amarillo? | A) Violeta | B) Naranja | C) Verde,C
734 Libertador de Chile? | A) Jose de San Martin | B) Bernardo O Higgins | C) Manuel Rodriguez,B
735 Gol en tenis se llama? | A) Punto | B) Canasta | C) Gol,A
736 Estacion posterior a la primavera en el hemisferio sur? | A) Otono | B) Invierno | C) Verano,B
737 Lengua con mas hablantes nativos? | A) Chino mandarin | B) Espanol | C) Ingles,A
738 Planta que produce algodon? | A) Algodonero | B) Trigo | C) Maiz,A
739 Principal satelite natural de la Tierra? | A) Fobos | B) La Luna | C) Titan,B
740 Pais sede del Mundial FIFA 2014? | A) Brasil | B) Sudafrica | C) Alemania,A
741 Serie con dragones y un trono? | A) Game of Thrones | B) Vikings | C) The Witcher,A
742 Bebida tradicional de Argentina y Uruguay? | A) Cafe | B) Te | C) Mate,C
743 Messi gano el Mundial con Argentina en? | A) 2018 | B) 2022 | C) 2014,B
744 Boya de colores en el mar indica? | A) Senalizacion | B) Surf | C) Pesca,A
745 Cual es la capital de Republica Checa? | A) Helsinki | B) Praga | C) Oslo,B
746 Cristiano Ronaldo es originario de? | A) Portugal | B) Espana | C) Brasil,A
747 Lengua oficial de Brasil? | A) Portugues | B) Espanol | C) Ingles,A
748 Tejido donde ocurre el intercambio de gases? | A) Rinones | B) Pulmones | C) Higado,B
749 Bebida tradicional de Argentina y Uruguay? | A) Mate | B) Te | C) Cafe,A
750 Barco que se hundio en 1912? | A) Britannic | B) Lusitania | C) Titanic,C
751 Gol en tenis se llama? | A) Punto | B) Gol | C) Canasta,A
752 Bebida tradicional de Argentina y Uruguay? | A) Te | B) Cafe | C) Mate,C
753 Planeta conocido como el planeta rojo? | A) Jupiter | B) Mercurio | C) Marte,C
754 Primer hombre en pisar la Luna? | A) Buzz Aldrin | B) Yuri Gagarin | C) Neil Armstrong,C
755 Planeta conocido como el planeta rojo? | A) Jupiter | B) Marte | C) Mercurio,B
756 Kamehameha pertenece a? | A) One Piece | B) Dragon Ball | C) Naruto,B
757 Quien pinto La Gioconda? | A) Leonardo da Vinci | B) Rafael | C) Miguel Angel,A
758 Torneo mas importante de clubes en Europa? | A) Europa League | B) Conference League | C) Liga de Campeones,C
759 Bebida tradicional de Argentina y Uruguay? | A) Mate | B) Te | C) Cafe,A
760 Libertador de Chile? | A) Manuel Rodriguez | B) Jose de San Martin | C) Bernardo O Higgins,C
761 Cuantos anillos olimpicos hay? | A) 6 | B) 4 | C) 5,C
762 Animal conocido como el rey de la selva? | A) Leon | B) Pantera | C) Tigre,A
763 Lengua con mas hablantes nativos? | A) Chino mandarin | B) Espanol | C) Ingles,A
764 Messi gano el Mundial con Argentina en? | A) 2022 | B) 2018 | C) 2014,A
765 Cristiano Ronaldo es originario de? | A) Portugal | B) Espana | C) Brasil,A
766 Cuantos jugadores por equipo en futbol en cancha? | A) 12 | B) 10 | C) 11,C
767 Gas mas abundante del aire? | A) Oxigeno | B) Nitrogeno | C) Dioxido de carbono,B
768 Instrumento de teclas y cuerdas? | A) Piano | B) Guitarra | C) Flauta,A
769 Lengua oficial de Brasil? | A) Espanol | B) Portugues | C) Ingles,B
770 Primera mujer en ganar un Premio Nobel? | A) Rosalind Franklin | B) Marie Curie | C) Ada Lovelace,B
771 Serie con dragones y un trono? | A) Vikings | B) Game of Thrones | C) The Witcher,B
772 Cuantos jugadores por equipo en futbol en cancha? | A) 10 | B) 12 | C) 11,C
773 Messi gano el Mundial con Argentina en? | A) 2022 | B) 2018 | C) 2014,A
774 Superficie principal de Roland Garros? | A) Dura | B) Arcilla | C) Cesped,B
775 Serie con dragones y un trono? | A) Game of Thrones | B) The Witcher | C) Vikings,A
776 Anio en que comenzo la Segunda Guerra Mundial? | A) 1939 | B) 1914 | C) 1945,A
777 Gas mas abundante del aire? | A) Nitrogeno | B) Dioxido de carbono | C) Oxigeno,A
778 Primera mujer en ganar un Premio Nobel? | A) Marie Curie | B) Ada Lovelace | C) Rosalind Franklin,A
779 Lengua con mas hablantes nativos? | A) Ingles | B) Chino mandarin | C) Espanol,B
780 Tejido donde ocurre el intercambio de gases? | A) Pulmones | B) Rinones | C) Higado,A
781 Estudio de Toy Story? | A) DreamWorks | B) Illumination | C) Pixar,C
782 Autor de Cien anios de soledad? | A) Mario Vargas Llosa | B) Julio Cortazar | C) Gabriel Garcia Marquez,C
783 Particula con carga negativa? | A) Electron | B) Neutron | C) Proton,A
784 Imperio de Julio Cesar? | A) Griego | B) Persa | C) Romano,C
785 Gas mas abundante del aire? | A) Dioxido de carbono | B) Nitrogeno | C) Oxigeno,B
786 Barco que se hundio en 1912? | A) Britannic | B) Titanic | C) Lusitania,B
787 Pais de nacimiento de Simon Bolivar? | A) Venezuela | B) Peru | C) Colombia,A
788 Pais de nacimiento de Simon Bolivar? | A) Venezuela | B) Peru | C) Colombia,A
789 Proceso por el cual las plantas producen alimento? | A) Respiracion | B) Fotosintesis | C) Fermentacion,B
790 Organo que bombea la sangre? | A) Corazon | B) Pulmon | C) Higado,A
791 Autor de Cien anios de soledad? | A) Gabriel Garcia Marquez | B) Julio Cortazar | C) Mario Vargas Llosa,A
792 Deporte principal de Michael Jordan? | A) Beisbol | B) Baloncesto | C) Futbol americano,B
793 Que vitamina se obtiene del sol? | A) Vitamina D | B) Vitamina B12 | C) Vitamina C,A
794 Gas mas abundante del aire? | A) Oxigeno | B) Dioxido de carbono | C) Nitrogeno,C
795 Organo que bombea la sangre? | A) Higado | B) Corazon | C) Pulmon,B
796 Particula con carga negativa? | A) Electron | B) Proton | C) Neutron,A
797 Unidad SI de fuerza? | A) Pascal | B) Joule | C) Newton,C
798 Franquicia con Pokebolas? | A) Yo Kai Watch | B) Digimon | C) Pokemon,C
799 Pais de nacimiento de Simon Bolivar? | A) Peru | B) Venezuela | C) Colombia,B
800 Imperio de Julio Cesar? | A) Griego | B) Romano | C) Persa,B
801 Primera mujer en ganar un Premio Nobel? | A) Ada Lovelace | B) Rosalind Franklin | C) Marie Curie,C
802 Cual es la capital de Nueva Zelanda? | A) Brasilia | B) Abuya | C) Wellington,C
803 H2O es la formula de? | A) Agua | B) Oxigeno | C) Peroxido,A
804 Gas mas abundante del aire? | A) Nitrogeno | B) Oxigeno | C) Dioxido de carbono,A
805 Quien pinto La Gioconda? | A) Miguel Angel | B) Leonardo da Vinci | C) Rafael,B
806 Artista del album Thriller? | A) Madonna | B) Prince | C) Michael Jackson,C
807 Estudio de Toy Story? | A) Illumination | B) Pixar | C) DreamWorks,B
808 H2O es la formula de? | A) Oxigeno | B) Agua | C) Peroxido,B
809 Lider de la independencia de la India con no violencia? | A) Jinnah | B) Gandhi | C) Nehru,B
810 Pintor del Guernica? | A) Salvador Dali | B) Pablo Picasso | C) Joan Miro,B
811 Animal conocido como el rey de la selva? | A) Leon | B) Pantera | C) Tigre,A
812 Estudio de Toy Story? | A) Pixar | B) Illumination | C) DreamWorks,A
813 Rama de la ciencia que estudia los seres vivos? | A) Fisica | B) Geologia | C) Biologia,C
814 H2O es la formula de? | A) Oxigeno | B) Peroxido | C) Agua,C
815 Proceso por el cual las plantas producen alimento? | A) Fermentacion | B) Respiracion | C) Fotosintesis,C
816 Particula con carga negativa? | A) Electron | B) Neutron | C) Proton,A
817 Boya de colores en el mar indica? | A) Pesca | B) Surf | C) Senalizacion,C
818 Autor de Cien anios de soledad? | A) Mario Vargas Llosa | B) Julio Cortazar | C) Gabriel Garcia Marquez,C
819 Proceso por el cual las plantas producen alimento? | A) Respiracion | B) Fotosintesis | C) Fermentacion,B
820 H2O es la formula de? | A) Peroxido | B) Oxigeno | C) Agua,C
821 Metal mas ligero? | A) Magnesio | B) Litio | C) Aluminio,B
822 H2O es la formula de? | A) Oxigeno | B) Agua | C) Peroxido,B
823 La NBA corresponde a? | A) Baloncesto | B) Beisbol | C) Hockey,A
824 Lengua oficial de Brasil? | A) Ingles | B) Espanol | C) Portugues,C
825 Primer hombre en pisar la Luna? | A) Neil Armstrong | B) Yuri Gagarin | C) Buzz Aldrin,A
826 Imperio de Julio Cesar? | A) Romano | B) Persa | C) Griego,A
827 Que vitamina se obtiene del sol? | A) Vitamina D | B) Vitamina B12 | C) Vitamina C,A
828 La NBA corresponde a? | A) Baloncesto | B) Hockey | C) Beisbol,A
829 Boya de colores en el mar indica? | A) Surf | B) Senalizacion | C) Pesca,B
830 Libertador de Chile? | A) Manuel Rodriguez | B) Jose de San Martin | C) Bernardo O Higgins,C
831 Gas mas abundante del aire? | A) Oxigeno | B) Nitrogeno | C) Dioxido de carbono,B
832 Proceso por el cual las plantas producen alimento? | A) Respiracion | B) Fotosintesis | C) Fermentacion,B
833 Bebida tradicional de Argentina y Uruguay? | A) Te | B) Mate | C) Cafe,B
834 Deporte principal de Michael Jordan? | A) Baloncesto | B) Futbol americano | C) Beisbol,A
835 La NBA corresponde a? | A) Hockey | B) Beisbol | C) Baloncesto,C
836 H2O es la formula de? | A) Peroxido | B) Agua | C) Oxigeno,B
837 Autor de Cien anios de soledad? | A) Gabriel Garcia Marquez | B) Julio Cortazar | C) Mario Vargas Llosa,A
838 Autor de Cien anios de soledad? | A) Mario Vargas Llosa | B) Gabriel Garcia Marquez | C) Julio Cortazar,B
839 Rama de la ciencia que estudia los seres vivos? | A) Geologia | B) Fisica | C) Biologia,C
840 Deporte principal de Michael Jordan? | A) Futbol americano | B) Beisbol | C) Baloncesto,C
841 Boya de colores en el mar indica? | A) Pesca | B) Senalizacion | C) Surf,B
842 Libertador de Chile? | A) Jose de San Martin | B) Bernardo O Higgins | C) Manuel Rodriguez,B
843 Color que resulta de mezclar azul y amarillo? | A) Verde | B) Violeta | C) Naranja,A
844 Artista del album Thriller? | A) Madonna | B) Michael Jackson | C) Prince,B
845 Pintor del Guernica? | A) Joan Miro | B) Salvador Dali | C) Pablo Picasso,C
846 Cristiano Ronaldo es originario de? | A) Brasil | B) Espana | C) Portugal,C
847 Trilogia famosa con un anillo y un mago? | A) Narnia | B) El senor de los anillos | C) Harry Potter,B
848 Franquicia con Pokebolas? | A) Pokemon | B) Yo Kai Watch | C) Digimon,A
849 La NBA corresponde a? | A) Baloncesto | B) Beisbol | C) Hockey,A
850 Organo que bombea la sangre? | A) Corazon | B) Pulmon | C) Higado,A
851 Rama de la ciencia que estudia los seres vivos? | A) Fisica | B) Biologia | C) Geologia,B
852 Compositor de Fur Elise? | A) Bach | B) Beethoven | C) Mozart,B
853 Unidad SI de fuerza? | A) Joule | B) Pascal | C) Newton,C
854 Quien pinto La Gioconda? | A) Rafael | B) Leonardo da Vinci | C) Miguel Angel,B
855 Cuantos jugadores por equipo en futbol en cancha? | A) 10 | B) 11 | C) 12,B
856 Planeta conocido como el planeta rojo? | A) Jupiter | B) Mercurio | C) Marte,C
857 Compositor de Fur Elise? | A) Mozart | B) Bach | C) Beethoven,C
858 Proceso por el cual las plantas producen alimento? | A) Respiracion | B) Fermentacion | C) Fotosintesis,C
859 Estudio de Toy Story? | A) DreamWorks | B) Pixar | C) Illumination,B
860 Artista del album Thriller? | A) Madonna | B) Michael Jackson | C) Prince,B
861 Estacion posterior a la primavera en el hemisferio sur? | A) Verano | B) Invierno | C) Otono,B
862 Rama de la ciencia que estudia los seres vivos? | A) Geologia | B) Fisica | C) Biologia,C
863 Civilizacion que construyo las piramides de Giza? | A) Maya | B) Romana | C) Egipcia,C
864 Rama de la ciencia que estudia los seres vivos? | A) Biologia | B) Geologia | C) Fisica,A
865 Proceso por el cual las plantas producen alimento? | A) Fermentacion | B) Fotosintesis | C) Respiracion,B
866 Estacion posterior a la primavera en el hemisferio sur? | A) Otono | B) Verano | C) Invierno,C
867 Gas mas abundante del aire? | A) Nitrogeno | B) Oxigeno | C) Dioxido de carbono,A
868 Anio en que comenzo la Segunda Guerra Mundial? | A) 1939 | B) 1914 | C) 1945,A
869 Lider de la independencia de la India con no violencia? | A) Gandhi | B) Nehru | C) Jinnah,A
870 Franquicia con Pokebolas? | A) Pokemon | B) Yo Kai Watch | C) Digimon,A
871 Quien pinto La Gioconda? | A) Miguel Angel | B) Leonardo da Vinci | C) Rafael,B
872 Kamehameha pertenece a? | A) Dragon Ball | B) Naruto | C) One Piece,A
873 Serie con dragones y un trono? | A) Game of Thrones | B) The Witcher | C) Vikings,A
874 Autor de Cien anios de soledad? | A) Mario Vargas Llosa | B) Julio Cortazar | C) Gabriel Garcia Marquez,C
875 Estudio de Toy Story? | A) Illumination | B) DreamWorks | C) Pixar,C
876 Lengua con mas hablantes nativos? | A) Chino mandarin | B) Ingles | C) Espanol,A
877 Pintor del Guernica? | A) Pablo Picasso | B) Joan Miro | C) Salvador Dali,A
878 Quien pinto La Gioconda? | A) Miguel Angel | B) Rafael | C) Leonardo da Vinci,C
879 Torneo mas importante de clubes en Europa? | A) Liga de Campeones | B) Europa League | C) Conference League,A
880 H2O es la formula de? | A) Oxigeno | B) Peroxido | C) Agua,C
881 Unidad SI de fuerza? | A) Pascal | B) Newton | C) Joule,B
882 Cristiano Ronaldo es originario de? | A) Espana | B) Brasil | C) Portugal,C
883 Pais sede del Mundial FIFA 2014? | A) Brasil | B) Sudafrica | C) Alemania,A
884 Cristiano Ronaldo es originario de? | A) Espana | B) Portugal | C) Brasil,B
885 Pais sede del Mundial FIFA 2014? | A) Sudafrica | B) Alemania | C) Brasil,C
886 La NBA corresponde a? | A) Baloncesto | B) Beisbol | C) Hockey,A
887 Imperio de Julio Cesar? | A) Persa | B) Romano | C) Griego,B
888 Primer hombre en pisar la Luna? | A) Yuri Gagarin | B) Buzz Aldrin | C) Neil Armstrong,C
889 Pintor del Guernica? | A) Pablo Picasso | B) Joan Miro | C) Salvador Dali,A
890 H2O es la formula de? | A) Peroxido | B) Agua | C) Oxigeno,B
891 Artista del album Thriller? | A) Madonna | B) Prince | C) Michael Jackson,C
892 Proceso por el cual las plantas producen alimento? | A) Fermentacion | B) Respiracion | C) Fotosintesis,C
893 Pais sede del Mundial FIFA 2014? | A) Brasil | B) Alemania | C) Sudafrica,A
894 Unidad SI de fuerza? | A) Newton | B) Pascal | C) Joule,A
895 Cual es la capital de Australia? | A) Nairobi | B) Lima | C) Canberra,C
896 Planta que produce algodon? | A) Maiz | B) Trigo | C) Algodonero,C
897 Que vitamina se obtiene del sol? | A) Vitamina D | B) Vitamina C | C) Vitamina B12,A
898 Color que resulta de mezclar azul y amarillo? | A) Naranja | B) Verde | C) Violeta,B
899 Libertador de Chile? | A) Jose de San Martin | B) Manuel Rodriguez | C) Bernardo O Higgins,C
900 Pintor del Guernica? | A) Salvador Dali | B) Joan Miro | C) Pablo Picasso,C
901 Deporte principal de Michael Jordan? | A) Futbol americano | B) Beisbol | C) Baloncesto,C
902 Pais sede del Mundial FIFA 2014? | A) Brasil | B) Alemania | C) Sudafrica,A
903 Principal satelite natural de la Tierra? | A) Fobos | B) La Luna | C) Titan,B
904 Estudio de Toy Story? | A) Pixar | B) DreamWorks | C) Illumination,A
905 Tejido donde ocurre el intercambio de gases? | A) Pulmones | B) Rinones | C) Higado,A
906 Animal conocido como el rey de la selva? | A) Leon | B) Pantera | C) Tigre,A
907 Cual es la capital de Francia? | A) Nairobi | B) Paris | C) Quito,B
908 Trilogia famosa con un anillo y un mago? | A) Harry Potter | B) El senor de los anillos | C) Narnia,B
909 Cuantos jugadores por equipo en futbol en cancha? | A) 12 | B) 10 | C) 11,C
910 Estacion posterior a la primavera en el hemisferio sur? | A) Otono | B) Invierno | C) Verano,B
911 Unidad SI de fuerza? | A) Newton | B) Joule | C) Pascal,A
912 Que vitamina se obtiene del sol? | A) Vitamina C | B) Vitamina B12 | C) Vitamina D,C
913 Torneo mas importante de clubes en Europa? | A) Conference League | B) Europa League | C) Liga de Campeones,C
914 Rama de la ciencia que estudia los seres vivos? | A) Geologia | B) Fisica | C) Biologia,C
915 Que vitamina se obtiene del sol? | A) Vitamina D | B) Vitamina B12 | C) Vitamina C,A
916 Unidad SI de fuerza? | A) Joule | B) Newton | C) Pascal,B
917 Gol en tenis se llama? | A) Gol | B) Punto | C) Canasta,B
918 Planeta conocido como el planeta rojo? | A) Marte | B) Jupiter | C) Mercurio,A
919 Particula con carga negativa? | A) Proton | B) Electron | C) Neutron,B
920 Pais de nacimiento de Simon Bolivar? | A) Venezuela | B) Peru | C) Colombia,A
921 Gol en tenis se llama? | A) Gol | B) Canasta | C) Punto,C
922 Barco que se hundio en 1912? | A) Britannic | B) Lusitania | C) Titanic,C
923 Bebida tradicional de Argentina y Uruguay? | A) Mate | B) Te | C) Cafe,A
924 Particula con carga negativa? | A) Neutron | B) Electron | C) Proton,B
925 Planta que produce algodon? | A) Algodonero | B) Trigo | C) Maiz,A
926 H2O es la formula de? | A) Agua | B) Oxigeno | C) Peroxido,A
927 H2O es la formula de? | A) Peroxido | B) Agua | C) Oxigeno,B
928 Gol en tenis se llama? | A) Gol | B) Canasta | C) Punto,C
929 Cual es la capital de Colombia? | A) Bogota | B) Moscu | C) Ottawa,A
930 Torneo mas importante de clubes en Europa? | A) Europa League | B) Liga de Campeones | C) Conference League,B
931 Barco que se hundio en 1912? | A) Britannic | B) Lusitania | C) Titanic,C
932 Proceso por el cual las plantas producen alimento? | A) Fermentacion | B) Respiracion | C) Fotosintesis,C
933 Estudio de Toy Story? | A) DreamWorks | B) Pixar | C) Illumination,B
934 Serie con dragones y un trono? | A) Vikings | B) Game of Thrones | C) The Witcher,B
935 Lider de la independencia de la India con no violencia? | A) Nehru | B) Gandhi | C) Jinnah,B
936 H2O es la formula de? | A) Peroxido | B) Agua | C) Oxigeno,B
937 Gol en tenis se llama? | A) Punto | B) Canasta | C) Gol,A
938 Imperio de Julio Cesar? | A) Romano | B) Persa | C) Griego,A
939 Animal conocido como el rey de la selva? | A) Pantera | B) Tigre | C) Leon,C
940 Instrumento de teclas y cuerdas? | A) Flauta | B) Guitarra | C) Piano,C
941 Particula con carga negativa? | A) Electron | B) Proton | C) Neutron,A
942 Planeta conocido como el planeta rojo? | A) Marte | B) Jupiter | C) Mercurio,A
943 Franquicia con Pokebolas? | A) Yo Kai Watch | B) Digimon | C) Pokemon,C
944 Torneo mas importante de clubes en Europa? | A) Europa League | B) Liga de Campeones | C) Conference League,B
945 Lider de la independencia de la India con no violencia? | A) Nehru | B) Gandhi | C) Jinnah,B
946 Deporte principal de Michael Jordan? | A) Beisbol | B) Futbol americano | C) Baloncesto,C
947 Proceso por el cual las plantas producen alimento? | A) Fermentacion | B) Fotosintesis | C) Respiracion,B
948 Trilogia famosa con un anillo y un mago? | A) Narnia | B) Harry Potter | C) El senor de los anillos,C
949 Pais de nacimiento de Simon Bolivar? | A) Venezuela | B) Peru | C) Colombia,A
950 Rama de la ciencia que estudia los seres vivos? | A) Biologia | B) Geologia | C) Fisica,A
951 Primer hombre en pisar la Luna? | A) Yuri Gagarin | B) Buzz Aldrin | C) Neil Armstrong,C
952 Principal satelite natural de la Tierra? | A) La Luna | B) Titan | C) Fobos,A
953 Bebida tradicional de Argentina y Uruguay? | A) Mate | B) Cafe | C) Te,A
954 Gas mas abundante del aire? | A) Nitrogeno | B) Oxigeno | C) Dioxido de carbono,A
955 Libertador de Chile? | A) Jose de San Martin | B) Bernardo O Higgins | C) Manuel Rodriguez,B
956 Superficie principal de Roland Garros? | A) Arcilla | B) Dura | C) Cesped,A
957 Boya de colores en el mar indica? | A) Senalizacion | B) Surf | C) Pesca,A
958 Trilogia famosa con un anillo y un mago? | A) Narnia | B) Harry Potter | C) El senor de los anillos,C
959 Lengua con mas hablantes nativos? | A) Ingles | B) Espanol | C) Chino mandarin,C
960 H2O es la formula de? | A) Peroxido | B) Oxigeno | C) Agua,C
961 Superficie principal de Roland Garros? | A) Cesped | B) Dura | C) Arcilla,C
962 Imperio de Julio Cesar? | A) Persa | B) Griego | C) Romano,C
963 Compositor de Fur Elise? | A) Mozart | B) Bach | C) Beethoven,C
964 H2O es la formula de? | A) Oxigeno | B) Agua | C) Peroxido,B
965 Superficie principal de Roland Garros? | A) Arcilla | B) Cesped | C) Dura,A
966 Autor de Cien anios de soledad? | A) Mario Vargas Llosa | B) Gabriel Garcia Marquez | C) Julio Cortazar,B
967 Metal mas ligero? | A) Magnesio | B) Litio | C) Aluminio,B
968 Cristiano Ronaldo es originario de? | A) Espana | B) Portugal | C) Brasil,B
969 Artista del album Thriller? | A) Madonna | B) Michael Jackson | C) Prince,B
970 Cuantos jugadores por equipo en futbol en cancha? | A) 12 | B) 10 | C) 11,C
971 Imperio de Julio Cesar? | A) Romano | B) Griego | C) Persa,A
972 Franquicia con Pokebolas? | A) Yo Kai Watch | B) Pokemon | C) Digimon,B
973 Planeta conocido como el planeta rojo? | A) Jupiter | B) Mercurio | C) Marte,C
974 Pintor del Guernica? | A) Salvador Dali | B) Joan Miro | C) Pablo Picasso,C
975 Rama de la ciencia que estudia los seres vivos? | A) Biologia | B) Geologia | C) Fisica,A
976 Que vitamina se obtiene del sol? | A) Vitamina C | B) Vitamina B12 | C) Vitamina D,C
977 Planta que produce algodon? | A) Trigo | B) Maiz | C) Algodonero,C
978 Gas mas abundante del aire? | A) Nitrogeno | B) Oxigeno | C) Dioxido de carbono,A
979 Quien pinto La Gioconda? | A) Leonardo da Vinci | B) Rafael | C) Miguel Angel,A
980 Cual es la capital de Suecia? | A) Estocolmo | B) Ciudad de Mexico | C) Asuncion,A
981 Pais sede del Mundial FIFA 2014? | A) Sudafrica | B) Alemania | C) Brasil,C
982 Anio en que comenzo la Segunda Guerra Mundial? | A) 1945 | B) 1914 | C) 1939,C
983 Franquicia con Pokebolas? | A) Pokemon | B) Yo Kai Watch | C) Digimon,A
984 Kamehameha pertenece a? | A) One Piece | B) Naruto | C) Dragon Ball,C
985 Tejido donde ocurre el intercambio de gases? | A) Higado | B) Rinones | C) Pulmones,C
986 Planeta conocido como el planeta rojo? | A) Jupiter | B) Marte | C) Mercurio,B
987 Cuantos jugadores por equipo en futbol en cancha? | A) 10 | B) 12 | C) 11,C
988 Gol en tenis se llama? | A) Gol | B) Punto | C) Canasta,B
989 Anio en que comenzo la Segunda Guerra Mundial? | A) 1914 | B) 1945 | C) 1939,C
990 Cristiano Ronaldo es originario de? | A) Espana | B) Brasil | C) Portugal,C
991 Serie con dragones y un trono? | A) Vikings | B) Game of Thrones | C) The Witcher,B
992 Color que resulta de mezclar azul y amarillo? | A) Naranja | B) Violeta | C) Verde,C
993 Que vitamina se obtiene del sol? | A) Vitamina D | B) Vitamina C | C) Vitamina B12,A
994 Metal mas ligero? | A) Litio | B) Magnesio | C) Aluminio,A
995 Particula con carga negativa? | A) Neutron | B) Proton | C) Electron,C
996 Planta que produce algodon? | A) Trigo | B) Maiz | C) Algodonero,C
997 Artista del album Thriller? | A) Madonna | B) Michael Jackson | C) Prince,B
998 H2O es la formula de? | A) Peroxido | B) Agua | C) Oxigeno,B
999 Cristiano Ronaldo es originario de? | A) Espana | B) Brasil | C) Portugal,C
1000 Serie con dragones y un trono? | A) The Witcher | B) Game of Thrones | C) Vikings,B
1001 Cuantos anillos olimpicos hay? | A) 5 | B) 4 | C) 6,A
1002 Pais de nacimiento de Simon Bolivar? | A) Venezuela | B) Peru | C) Colombia,A
1003 Que vitamina se obtiene del sol? | A) Vitamina B12 | B) Vitamina C | C) Vitamina D,C
1004 Planta que produce algodon? | A) Trigo | B) Algodonero | C) Maiz,B
1005 Compositor de Fur Elise? | A) Beethoven | B) Mozart | C) Bach,A
1006 Cristiano Ronaldo es originario de? | A) Portugal | B) Brasil | C) Espana,A
1007 Artista del album Thriller? | A) Madonna | B) Prince | C) Michael Jackson,C
1008 Primer hombre en pisar la Luna? | A) Neil Armstrong | B) Buzz Aldrin | C) Yuri Gagarin,A
1009 Que vitamina se obtiene del sol? | A) Vitamina D | B) Vitamina C | C) Vitamina B12,A
1010 Rama de la ciencia que estudia los seres vivos? | A) Fisica | B) Biologia | C) Geologia,B
1011 Libertador de Chile? | A) Bernardo O Higgins | B) Manuel Rodriguez | C) Jose de San Martin,A
1012 Tejido donde ocurre el intercambio de gases? | A) Rinones | B) Pulmones | C) Higado,B
1013 Particula con carga negativa? | A) Proton | B) Electron | C) Neutron,B
1014 Imperio de Julio Cesar? | A) Persa | B) Romano | C) Griego,B
1015 Que vitamina se obtiene del sol? | A) Vitamina B12 | B) Vitamina C | C) Vitamina D,C
1016 Particula con carga negativa? | A) Proton | B) Neutron | C) Electron,C
1017 Pais sede del Mundial FIFA 2014? | A) Alemania | B) Brasil | C) Sudafrica,B
1018 Compositor de Fur Elise? | A) Mozart | B) Beethoven | C) Bach,B
1019 Proceso por el cual las plantas producen alimento? | A) Respiracion | B) Fotosintesis | C) Fermentacion,B
1020 Pais de nacimiento de Simon Bolivar? | A) Peru | B) Colombia | C) Venezuela,C
1021 Cuantos jugadores por equipo en futbol en cancha? | A) 12 | B) 10 | C) 11,C
1022 H2O es la formula de? | A) Agua | B) Oxigeno | C) Peroxido,A
1023 Metal mas ligero? | A) Magnesio | B) Litio | C) Aluminio,B
1024 Unidad SI de fuerza? | A) Newton | B) Joule | C) Pascal,A
1025 Superficie principal de Roland Garros? | A) Cesped | B) Dura | C) Arcilla,C
1026 Proceso por el cual las plantas producen alimento? | A) Respiracion | B) Fermentacion | C) Fotosintesis,C
1027 Superficie principal de Roland Garros? | A) Arcilla | B) Dura | C) Cesped,A
1028 Kamehameha pertenece a? | A) Dragon Ball | B) Naruto | C) One Piece,A
1029 Libertador de Chile? | A) Manuel Rodriguez | B) Jose de San Martin | C) Bernardo O Higgins,C
1030 Trilogia famosa con un anillo y un mago? | A) Harry Potter | B) Narnia | C) El senor de los anillos,C
1031 Proceso por el cual las plantas producen alimento? | A) Fotosintesis | B) Fermentacion | C) Respiracion,A
1032 Franquicia con Pokebolas? | A) Pokemon | B) Yo Kai Watch | C) Digimon,A
1033 Estudio de Toy Story? | A) Illumination | B) DreamWorks | C) Pixar,C
1034 Kamehameha pertenece a? | A) One Piece | B) Naruto | C) Dragon Ball,C
1035 Boya de colores en el mar indica? | A) Pesca | B) Senalizacion | C) Surf,B
1036 Cuantos anillos olimpicos hay? | A) 4 | B) 5 | C) 6,B
1037 Particula con carga negativa? | A) Neutron | B) Electron | C) Proton,B
1038 Messi gano el Mundial con Argentina en? | A) 2018 | B) 2014 | C) 2022,C
1039 La NBA corresponde a? | A) Beisbol | B) Hockey | C) Baloncesto,C
1040 Autor de Cien anios de soledad? | A) Mario Vargas Llosa | B) Gabriel Garcia Marquez | C) Julio Cortazar,B
1041 Compositor de Fur Elise? | A) Beethoven | B) Mozart | C) Bach,A
1042 Pintor del Guernica? | A) Salvador Dali | B) Pablo Picasso | C) Joan Miro,B
1043 Gas mas abundante del aire? | A) Dioxido de carbono | B) Oxigeno | C) Nitrogeno,C
1044 Lengua con mas hablantes nativos? | A) Espanol | B) Ingles | C) Chino mandarin,C
1045 Deporte principal de Michael Jordan? | A) Beisbol | B) Baloncesto | C) Futbol americano,B
1046 Particula con carga negativa? | A) Neutron | B) Proton | C) Electron,C
1047 Gas mas abundante del aire? | A) Dioxido de carbono | B) Nitrogeno | C) Oxigeno,B
1048 Autor de Cien anios de soledad? | A) Mario Vargas Llosa | B) Gabriel Garcia Marquez | C) Julio Cortazar,B
1049 Organo que bombea la sangre? | A) Higado | B) Pulmon | C) Corazon,C
1050 Primera mujer en ganar un Premio Nobel? | A) Ada Lovelace | B) Marie Curie | C) Rosalind Franklin,B
1051 Messi gano el Mundial con Argentina en? | A) 2014 | B) 2022 | C) 2018,B
1052 Gol en tenis se llama? | A) Punto | B) Canasta | C) Gol,A
1053 Animal conocido como el rey de la selva? | A) Pantera | B) Leon | C) Tigre,B
1054 Serie con dragones y un trono? | A) Vikings | B) Game of Thrones | C) The Witcher,B
1055 Autor de Cien anios de soledad? | A) Mario Vargas Llosa | B) Gabriel Garcia Marquez | C) Julio Cortazar,B
1056 Cual es la capital de Kenya? | A) Lima | B) Nairobi | C) Amsterdam,B
1057 Que vitamina se obtiene del sol? | A) Vitamina B12 | B) Vitamina D | C) Vitamina C,B
1058 Rama de la ciencia que estudia los seres vivos? | A) Fisica | B) Biologia | C) Geologia,B
1059 Civilizacion que construyo las piramides de Giza? | A) Maya | B) Romana | C) Egipcia,C
1060 Anio en que comenzo la Segunda Guerra Mundial? | A) 1939 | B) 1945 | C) 1914,A
1061 Artista del album Thriller? | A) Michael Jackson | B) Prince | C) Madonna,A
1062 Primera mujer en ganar un Premio Nobel? | A) Rosalind Franklin | B) Ada Lovelace | C) Marie Curie,C
1063 Compositor de Fur Elise? | A) Mozart | B) Bach | C) Beethoven,C
1064 Serie con dragones y un trono? | A) Game of Thrones | B) The Witcher | C) Vikings,A
1065 Unidad SI de fuerza? | A) Pascal | B) Joule | C) Newton,C
1066 Imperio de Julio Cesar? | A) Persa | B) Griego | C) Romano,C
1067 Bebida tradicional de Argentina y Uruguay? | A) Cafe | B) Te | C) Mate,C
1068 Rama de la ciencia que estudia los seres vivos? | A) Biologia | B) Geologia | C) Fisica,A
1069 Pais sede del Mundial FIFA 2014? | A) Brasil | B) Alemania | C) Sudafrica,A
1070 Messi gano el Mundial con Argentina en? | A) 2022 | B) 2018 | C) 2014,A
1071 Particula con carga negativa? | A) Neutron | B) Proton | C) Electron,C
1072 Metal mas ligero? | A) Aluminio | B) Magnesio | C) Litio,C
1073 Gas mas abundante del aire? | A) Oxigeno | B) Dioxido de carbono | C) Nitrogeno,C
1074 Franquicia con Pokebolas? | A) Digimon | B) Yo Kai Watch | C) Pokemon,C
1075 Rama de la ciencia que estudia los seres vivos? | A) Geologia | B) Biologia | C) Fisica,B
1076 H2O es la formula de? | A) Agua | B) Oxigeno | C) Peroxido,A
1077 Pais de nacimiento de Simon Bolivar? | A) Colombia | B) Peru | C) Venezuela,C
1078 Planeta conocido como el planeta rojo? | A) Marte | B) Mercurio | C) Jupiter,A
1079 Torneo mas importante de clubes en Europa? | A) Europa League | B) Conference League | C) Liga de Campeones,C
1080 Messi gano el Mundial con Argentina en? | A) 2018 | B) 2022 | C) 2014,B
1081 Tejido donde ocurre el intercambio de gases? | A) Pulmones | B) Rinones | C) Higado,A
1082 Messi gano el Mundial con Argentina en? | A) 2014 | B) 2022 | C) 2018,B
1083 Superficie principal de Roland Garros? | A) Arcilla | B) Cesped | C) Dura,A
1084 Lengua con mas hablantes nativos? | A) Ingles | B) Chino mandarin | C) Espanol,B
1085 Unidad SI de fuerza? | A) Newton | B) Pascal | C) Joule,A
1086 Rama de la ciencia que estudia los seres vivos? | A) Geologia | B) Biologia | C) Fisica,B
1087 Pintor del Guernica? | A) Salvador Dali | B) Joan Miro | C) Pablo Picasso,C
1088 Particula con carga negativa? | A) Neutron | B) Proton | C) Electron,C
1089 Cuantos jugadores por equipo en futbol en cancha? | A) 12 | B) 11 | C) 10,B
1090 Rama de la ciencia que estudia los seres vivos? | A) Geologia | B) Biologia | C) Fisica,B
1091 H2O es la formula de? | A) Agua | B) Peroxido | C) Oxigeno,A
1092 Imperio de Julio Cesar? | A) Romano | B) Persa | C) Griego,A
1093 Libertador de Chile? | A) Jose de San Martin | B) Bernardo O Higgins | C) Manuel Rodriguez,B
1094 Civilizacion que construyo las piramides de Giza? | A) Maya | B) Romana | C) Egipcia,C
1095 Proceso por el cual las plantas producen alimento? | A) Fermentacion | B) Respiracion | C) Fotosintesis,C
1096 Que vitamina se obtiene del sol? | A) Vitamina D | B) Vitamina C | C) Vitamina B12,A
1097 Cual es la capital de Canada? | A) Ottawa | B) Tokio | C) Copenhague,A
1098 Lengua con mas hablantes nativos? | A) Chino mandarin | B) Espanol | C) Ingles,A
1099 Animal conocido como el rey de la selva? | A) Pantera | B) Leon | C) Tigre,B
1100 Metal mas ligero? | A) Magnesio | B) Aluminio | C) Litio,C
1101 Libertador de Chile? | A) Bernardo O Higgins | B) Jose de San Martin | C) Manuel Rodriguez,A
1102 Compositor de Fur Elise? | A) Mozart | B) Beethoven | C) Bach,B
1103 Torneo mas importante de clubes en Europa? | A) Liga de Campeones | B) Conference League | C) Europa League,A
1104 Cuantos anillos olimpicos hay? | A) 6 | B) 4 | C) 5,C
1105 Deporte principal de Michael Jordan? | A) Beisbol | B) Baloncesto | C) Futbol americano,B
1106 Imperio de Julio Cesar? | A) Griego | B) Romano | C) Persa,B
1107 Anio en que comenzo la Segunda Guerra Mundial? | A) 1945 | B) 1939 | C) 1914,B
1108 Organo que bombea la sangre? | A) Higado | B) Corazon | C) Pulmon,B
1109 Proceso por el cual las plantas producen alimento? | A) Fotosintesis | B) Fermentacion | C) Respiracion,A
1110 Artista del album Thriller? | A) Michael Jackson | B) Madonna | C) Prince,A
1111 Primer hombre en pisar la Luna? | A) Neil Armstrong | B) Yuri Gagarin | C) Buzz Aldrin,A
1112 Torneo mas importante de clubes en Europa? | A) Conference League | B) Liga de Campeones | C) Europa League,B
1113 Autor de Cien anios de soledad? | A) Gabriel Garcia Marquez | B) Julio Cortazar | C) Mario Vargas Llosa,A
1114 Superficie principal de Roland Garros? | A) Arcilla | B) Cesped | C) Dura,A
1115 Artista del album Thriller? | A) Madonna | B) Prince | C) Michael Jackson,C
1116 Cuantos anillos olimpicos hay? | A) 6 | B) 4 | C) 5,C
1117 Franquicia con Pokebolas? | A) Digimon | B) Pokemon | C) Yo Kai Watch,B
1118 Anio en que comenzo la Segunda Guerra Mundial? | A) 1914 | B) 1939 | C) 1945,B
1119 Messi gano el Mundial con Argentina en? | A) 2018 | B) 2014 | C) 2022,C
1120 Torneo mas importante de clubes en Europa? | A) Conference League | B) Liga de Campeones | C) Europa League,B
1121 Tejido donde ocurre el intercambio de gases? | A) Rinones | B) Higado | C) Pulmones,C
1122 Cuantos jugadores por equipo en futbol en cancha? | A) 12 | B) 11 | C) 10,B
1123 Gas mas abundante del aire? | A) Dioxido de carbono | B) Oxigeno | C) Nitrogeno,C
1124 Franquicia con Pokebolas? | A) Yo Kai Watch | B) Digimon | C) Pokemon,C
1125 Planeta conocido como el planeta rojo? | A) Mercurio | B) Marte | C) Jupiter,B
1126 La NBA corresponde a? | A) Beisbol | B) Hockey | C) Baloncesto,C
1127 Gol en tenis se llama? | A) Punto | B) Gol | C) Canasta,A
1128 Instrumento de teclas y cuerdas? | A) Flauta | B) Guitarra | C) Piano,C
1129 Artista del album Thriller? | A) Madonna | B) Prince | C) Michael Jackson,C
1130 Planeta conocido como el planeta rojo? | A) Marte | B) Jupiter | C) Mercurio,A
1131 Superficie principal de Roland Garros? | A) Cesped | B) Dura | C) Arcilla,C
1132 Serie con dragones y un trono? | A) Game of Thrones | B) Vikings | C) The Witcher,A
1133 Quien pinto La Gioconda? | A) Rafael | B) Leonardo da Vinci | C) Miguel Angel,B
1134 Estudio de Toy Story? | A) DreamWorks | B) Illumination | C) Pixar,C
1135 Proceso por el cual las plantas producen alimento? | A) Fotosintesis | B) Respiracion | C) Fermentacion,A
1136 Messi gano el Mundial con Argentina en? | A) 2014 | B) 2018 | C) 2022,C
1137 Cuantos jugadores por equipo en futbol en cancha? | A) 10 | B) 11 | C) 12,B
1138 Deporte principal de Michael Jordan? | A) Beisbol | B) Baloncesto | C) Futbol americano,B
1139 Rama de la ciencia que estudia los seres vivos? | A) Biologia | B) Fisica | C) Geologia,A
1140 Kamehameha pertenece a? | A) Naruto | B) Dragon Ball | C) One Piece,B
1141 Pais sede del Mundial FIFA 2014? | A) Sudafrica | B) Alemania | C) Brasil,C
1142 Rama de la ciencia que estudia los seres vivos? | A) Geologia | B) Biologia | C) Fisica,B
1143 Estudio de Toy Story? | A) Illumination | B) Pixar | C) DreamWorks,B
1144 Cristiano Ronaldo es originario de? | A) Portugal | B) Brasil | C) Espana,A
1145 Lengua con mas hablantes nativos? | A) Espanol | B) Ingles | C) Chino mandarin,C
1146 Que vitamina se obtiene del sol? | A) Vitamina B12 | B) Vitamina C | C) Vitamina D,C
1147 Lengua oficial de Brasil? | A) Espanol | B) Portugues | C) Ingles,B
1148 Primer hombre en pisar la Luna? | A) Yuri Gagarin | B) Neil Armstrong | C) Buzz Aldrin,B
1149 Lengua oficial de Brasil? | A) Espanol | B) Portugues | C) Ingles,B
1150 Color que resulta de mezclar azul y amarillo? | A) Verde | B) Naranja | C) Violeta,A
1151 Gas mas abundante del aire? | A) Oxigeno | B) Nitrogeno | C) Dioxido de carbono,B
1152 Pais de nacimiento de Simon Bolivar? | A) Venezuela | B) Colombia | C) Peru,A
1153 Artista del album Thriller? | A) Michael Jackson | B) Prince | C) Madonna,A
1154 Messi gano el Mundial con Argentina en? | A) 2022 | B) 2014 | C) 2018,A
1155 Kamehameha pertenece a? | A) Dragon Ball | B) One Piece | C) Naruto,A
1156 Unidad SI de fuerza? | A) Pascal | B) Newton | C) Joule,B
1157 Gas mas abundante del aire? | A) Oxigeno | B) Nitrogeno | C) Dioxido de carbono,B
1158 Tejido donde ocurre el intercambio de gases? | A) Pulmones | B) Higado | C) Rinones,A
1159 Metal mas ligero? | A) Magnesio | B) Litio | C) Aluminio,B
1160 Deporte principal de Michael Jordan? | A) Baloncesto | B) Futbol americano | C) Beisbol,A
1161 Primera mujer en ganar un Premio Nobel? | A) Marie Curie | B) Rosalind Franklin | C) Ada Lovelace,A
1162 Cristiano Ronaldo es originario de? | A) Espana | B) Brasil | C) Portugal,C
1163 Primera mujer en ganar un Premio Nobel? | A) Ada Lovelace | B) Rosalind Franklin | C) Marie Curie,C
1164 Pais sede del Mundial FIFA 2014? | A) Brasil | B) Alemania | C) Sudafrica,A
1165 Imperio de Julio Cesar? | A) Persa | B) Romano | C) Griego,B
1166 Torneo mas importante de clubes en Europa? | A) Europa League | B) Conference League | C) Liga de Campeones,C
1167 Pais de nacimiento de Simon Bolivar? | A) Colombia | B) Venezuela | C) Peru,B
1168 Barco que se hundio en 1912? | A) Britannic | B) Titanic | C) Lusitania,B
1169 Artista del album Thriller? | A) Michael Jackson | B) Prince | C) Madonna,A
1170 Planeta conocido como el planeta rojo? | A) Mercurio | B) Jupiter | C) Marte,C
1171 Que vitamina se obtiene del sol? | A) Vitamina B12 | B) Vitamina C | C) Vitamina D,C
1172 Autor de Cien anios de soledad? | A) Gabriel Garcia Marquez | B) Julio Cortazar | C) Mario Vargas Llosa,A
1173 Cual es la capital de Austria? | A) Viena | B) Canberra | C) Bogota,A
1174 Imperio de Julio Cesar? | A) Romano | B) Griego | C) Persa,A
1175 Quien pinto La Gioconda? | A) Rafael | B) Leonardo da Vinci | C) Miguel Angel,B
1176 Que vitamina se obtiene del sol? | A) Vitamina B12 | B) Vitamina C | C) Vitamina D,C
1177 Primera mujer en ganar un Premio Nobel? | A) Rosalind Franklin | B) Marie Curie | C) Ada Lovelace,B
1178 Estudio de Toy Story? | A) Illumination | B) DreamWorks | C) Pixar,C
1179 Estacion posterior a la primavera en el hemisferio sur? | A) Otono | B) Verano | C) Invierno,C
1180 Animal conocido como el rey de la selva? | A) Tigre | B) Pantera | C) Leon,C
1181 Estacion posterior a la primavera en el hemisferio sur? | A) Invierno | B) Otono | C) Verano,A
1182 Estudio de Toy Story? | A) Pixar | B) DreamWorks | C) Illumination,A
1183 Animal conocido como el rey de la selva? | A) Leon | B) Pantera | C) Tigre,A
1184 Color que resulta de mezclar azul y amarillo? | A) Violeta | B) Naranja | C) Verde,C
1185 Gas mas abundante del aire? | A) Dioxido de carbono | B) Nitrogeno | C) Oxigeno,B
1186 Estudio de Toy Story? | A) Pixar | B) DreamWorks | C) Illumination,A
1187 Pais de nacimiento de Simon Bolivar? | A) Colombia | B) Peru | C) Venezuela,C
1188 Compositor de Fur Elise? | A) Beethoven | B) Mozart | C) Bach,A
1189 Planeta conocido como el planeta rojo? | A) Jupiter | B) Mercurio | C) Marte,C
1190 Lengua con mas hablantes nativos? | A) Espanol | B) Chino mandarin | C) Ingles,B
1191 Tejido donde ocurre el intercambio de gases? | A) Pulmones | B) Rinones | C) Higado,A
1192 Pintor del Guernica? | A) Pablo Picasso | B) Joan Miro | C) Salvador Dali,A
1193 Estudio de Toy Story? | A) Illumination | B) Pixar | C) DreamWorks,B
1194 Rama de la ciencia que estudia los seres vivos? | A) Geologia | B) Fisica | C) Biologia,C
1195 Color que resulta de mezclar azul y amarillo? | A) Naranja | B) Verde | C) Violeta,B
1196 Pintor del Guernica? | A) Salvador Dali | B) Pablo Picasso | C) Joan Miro,B
1197 Color que resulta de mezclar azul y amarillo? | A) Naranja | B) Violeta | C) Verde,C
1198 Gol en tenis se llama? | A) Gol | B) Punto | C) Canasta,B
1199 Primera mujer en ganar un Premio Nobel? | A) Marie Curie | B) Rosalind Franklin | C) Ada Lovelace,A
1200 Gas mas abundante del aire? | A) Nitrogeno | B) Oxigeno | C) Dioxido de carbono,A
1201 Cuantos anillos olimpicos hay? | A) 6 | B) 5 | C) 4,B
1202 Libertador de Chile? | A) Jose de San Martin | B) Manuel Rodriguez | C) Bernardo O Higgins,C
1203 Unidad SI de fuerza? | A) Pascal | B) Newton | C) Joule,B
1204 H2O es la formula de? | A) Agua | B) Peroxido | C) Oxigeno,A
1205 Primera mujer en ganar un Premio Nobel? | A) Ada Lovelace | B) Marie Curie | C) Rosalind Franklin,B
1206 Que vitamina se obtiene del sol? | A) Vitamina D | B) Vitamina B12 | C) Vitamina C,A
1207 Civilizacion que construyo las piramides de Giza? | A) Maya | B) Romana | C) Egipcia,C
1208 Cual es la capital de Nigeria? | A) Brasilia | B) Abuya | C) Praga,B
1209 Planeta conocido como el planeta rojo? | A) Jupiter | B) Mercurio | C) Marte,C
1210 Que vitamina se obtiene del sol? | A) Vitamina D | B) Vitamina C | C) Vitamina B12,A
1211 Trilogia famosa con un anillo y un mago? | A) Narnia | B) Harry Potter | C) El senor de los anillos,C
1212 Barco que se hundio en 1912? | A) Titanic | B) Britannic | C) Lusitania,A
1213 Proceso por el cual las plantas producen alimento? | A) Fotosintesis | B) Fermentacion | C) Respiracion,A
1214 Deporte principal de Michael Jordan? | A) Beisbol | B) Baloncesto | C) Futbol americano,B
1215 Tejido donde ocurre el intercambio de gases? | A) Pulmones | B) Rinones | C) Higado,A
1216 H2O es la formula de? | A) Agua | B) Peroxido | C) Oxigeno,A
1217 Civilizacion que construyo las piramides de Giza? | A) Romana | B) Egipcia | C) Maya,B
1218 Gas mas abundante del aire? | A) Dioxido de carbono | B) Nitrogeno | C) Oxigeno,B
1219 Compositor de Fur Elise? | A) Mozart | B) Beethoven | C) Bach,B
1220 Primer hombre en pisar la Luna? | A) Yuri Gagarin | B) Neil Armstrong | C) Buzz Aldrin,B
1221 Deporte principal de Michael Jordan? | A) Baloncesto | B) Beisbol | C) Futbol americano,A
1222 Primera mujer en ganar un Premio Nobel? | A) Rosalind Franklin | B) Marie Curie | C) Ada Lovelace,B
1223 Color que resulta de mezclar azul y amarillo? | A) Verde | B) Violeta | C) Naranja,A
1224 Compositor de Fur Elise? | A) Bach | B) Beethoven | C) Mozart,B
1225 Primer hombre en pisar la Luna? | A) Yuri Gagarin | B) Buzz Aldrin | C) Neil Armstrong,C
1226 Animal conocido como el rey de la selva? | A) Pantera | B) Tigre | C) Leon,C
1227 Quien pinto La Gioconda? | A) Leonardo da Vinci | B) Rafael | C) Miguel Angel,A
1228 H2O es la formula de? | A) Oxigeno | B) Peroxido | C) Agua,C
1229 Que vitamina se obtiene del sol? | A) Vitamina D | B) Vitamina C | C) Vitamina B12,A
1230 Messi gano el Mundial con Argentina en? | A) 2014 | B) 2022 | C) 2018,B
1231 Cuantos anillos olimpicos hay? | A) 4 | B) 6 | C) 5,C
1232 Artista del album Thriller? | A) Prince | B) Madonna | C) Michael Jackson,C
1233 Lengua oficial de Brasil? | A) Espanol | B) Portugues | C) Ingles,B
1234 Boya de colores en el mar indica? | A) Senalizacion | B) Surf | C) Pesca,A
1235 Imperio de Julio Cesar? | A) Romano | B) Griego | C) Persa,A
1236 Que vitamina se obtiene del sol? | A) Vitamina B12 | B) Vitamina D | C) Vitamina C,B
1237 Primera mujer en ganar un Premio Nobel? | A) Ada Lovelace | B) Rosalind Franklin | C) Marie Curie,C
1238 Boya de colores en el mar indica? | A) Pesca | B) Senalizacion | C) Surf,B
1239 Autor de Cien anios de soledad? | A) Gabriel Garcia Marquez | B) Mario Vargas Llosa | C) Julio Cortazar,A
1240 Tejido donde ocurre el intercambio de gases? | A) Pulmones | B) Higado | C) Rinones,A
1241 Cuantos jugadores por equipo en futbol en cancha? | A) 11 | B) 10 | C) 12,A
1242 Color que resulta de mezclar azul y amarillo? | A) Verde | B) Violeta | C) Naranja,A
1243 Pais sede del Mundial FIFA 2014? | A) Alemania | B) Brasil | C) Sudafrica,B
1244 Estudio de Toy Story? | A) Illumination | B) Pixar | C) DreamWorks,B
1245 Gol en tenis se llama? | A) Canasta | B) Gol | C) Punto,C
1246 Torneo mas importante de clubes en Europa? | A) Europa League | B) Liga de Campeones | C) Conference League,B
1247 Imperio de Julio Cesar? | A) Griego | B) Persa | C) Romano,C
1248 Trilogia famosa con un anillo y un mago? | A) Harry Potter | B) Narnia | C) El senor de los anillos,C
1249 Planeta conocido como el planeta rojo? | A) Mercurio | B) Marte | C) Jupiter,B
1250 Imperio de Julio Cesar? | A) Romano | B) Griego | C) Persa,A
1251 Cual es la capital de Brasil? | A) Brasilia | B) Abuya | C) La Paz,A
1252 Civilizacion que construyo las piramides de Giza? | A) Romana | B) Egipcia | C) Maya,B
1253 Animal conocido como el rey de la selva? | A) Pantera | B) Tigre | C) Leon,C
1254 Rama de la ciencia que estudia los seres vivos? | A) Fisica | B) Biologia | C) Geologia,B
1255 Franquicia con Pokebolas? | A) Pokemon | B) Digimon | C) Yo Kai Watch,A
1256 Pais de nacimiento de Simon Bolivar? | A) Venezuela | B) Peru | C) Colombia,A
1257 Imperio de Julio Cesar? | A) Griego | B) Persa | C) Romano,C
1258 Primer hombre en pisar la Luna? | A) Buzz Aldrin | B) Yuri Gagarin | C) Neil Armstrong,C
1259 Color que resulta de mezclar azul y amarillo? | A) Violeta | B) Verde | C) Naranja,B
1260 Artista del album Thriller? | A) Prince | B) Michael Jackson | C) Madonna,B
1261 Deporte principal de Michael Jordan? | A) Beisbol | B) Futbol americano | C) Baloncesto,C
1262 Que vitamina se obtiene del sol? | A) Vitamina B12 | B) Vitamina C | C) Vitamina D,C
1263 Cual es la capital de Venezuela? | A) Caracas | B) Asuncion | C) Canberra,A
1264 Quien pinto La Gioconda? | A) Leonardo da Vinci | B) Rafael | C) Miguel Angel,A
1265 Gas mas abundante del aire? | A) Nitrogeno | B) Oxigeno | C) Dioxido de carbono,A
1266 Messi gano el Mundial con Argentina en? | A) 2014 | B) 2018 | C) 2022,C
1267 Franquicia con Pokebolas? | A) Digimon | B) Pokemon | C) Yo Kai Watch,B
1268 Cuantos anillos olimpicos hay? | A) 4 | B) 6 | C) 5,C
1269 Trilogia famosa con un anillo y un mago? | A) Narnia | B) Harry Potter | C) El senor de los anillos,C
1270 H2O es la formula de? | A) Agua | B) Oxigeno | C) Peroxido,A
1271 Anio en que comenzo la Segunda Guerra Mundial? | A) 1945 | B) 1914 | C) 1939,C
1272 Metal mas ligero? | A) Litio | B) Magnesio | C) Aluminio,A
1273 Kamehameha pertenece a? | A) One Piece | B) Naruto | C) Dragon Ball,C
1274 Quien pinto La Gioconda? | A) Leonardo da Vinci | B) Miguel Angel | C) Rafael,A
1275 Pintor del Guernica? | A) Joan Miro | B) Salvador Dali | C) Pablo Picasso,C
1276 Libertador de Chile? | A) Bernardo O Higgins | B) Manuel Rodriguez | C) Jose de San Martin,A
1277 Proceso por el cual las plantas producen alimento? | A) Fotosintesis | B) Fermentacion | C) Respiracion,A
1278 Tejido donde ocurre el intercambio de gases? | A) Pulmones | B) Higado | C) Rinones,A
1279 Estudio de Toy Story? | A) Illumination | B) Pixar | C) DreamWorks,B
1280 Color que resulta de mezclar azul y amarillo? | A) Naranja | B) Verde | C) Violeta,B
1281 Primer hombre en pisar la Luna? | A) Buzz Aldrin | B) Yuri Gagarin | C) Neil Armstrong,C
1282 Organo que bombea la sangre? | A) Corazon | B) Higado | C) Pulmon,A
1283 Artista del album Thriller? | A) Prince | B) Michael Jackson | C) Madonna,B
1284 Libertador de Chile? | A) Manuel Rodriguez | B) Bernardo O Higgins | C) Jose de San Martin,B
1285 Unidad SI de fuerza? | A) Joule | B) Pascal | C) Newton,C
1286 Lengua con mas hablantes nativos? | A) Espanol | B) Ingles | C) Chino mandarin,C
1287 Messi gano el Mundial con Argentina en? | A) 2022 | B) 2018 | C) 2014,A
1288 Tejido donde ocurre el intercambio de gases? | A) Higado | B) Pulmones | C) Rinones,B
1289 Compositor de Fur Elise? | A) Mozart | B) Beethoven | C) Bach,B
1290 La NBA corresponde a? | A) Beisbol | B) Hockey | C) Baloncesto,C
1291 Color que resulta de mezclar azul y amarillo? | A) Verde | B) Naranja | C) Violeta,A
1292 Trilogia famosa con un anillo y un mago? | A) Narnia | B) El senor de los anillos | C) Harry Potter,B
1293 Pais de nacimiento de Simon Bolivar? | A) Colombia | B) Venezuela | C) Peru,B
1294 Principal satelite natural de la Tierra? | A) Titan | B) Fobos | C) La Luna,C
1295 Pais sede del Mundial FIFA 2014? | A) Alemania | B) Brasil | C) Sudafrica,B
1296 Torneo mas importante de clubes en Europa? | A) Liga de Campeones | B) Europa League | C) Conference League,A
1297 Estudio de Toy Story? | A) Illumination | B) DreamWorks | C) Pixar,C
1298 Anio en que comenzo la Segunda Guerra Mundial? | A) 1914 | B) 1945 | C) 1939,C
1299 Boya de colores en el mar indica? | A) Surf | B) Pesca | C) Senalizacion,C
1300 Libertador de Chile? | A) Jose de San Martin | B) Bernardo O Higgins | C) Manuel Rodriguez,B
1301 Unidad SI de fuerza? | A) Pascal | B) Joule | C) Newton,C
1302 Organo que bombea la sangre? | A) Corazon | B) Pulmon | C) Higado,A
1303 Proceso por el cual las plantas producen alimento? | A) Fermentacion | B) Fotosintesis | C) Respiracion,B
1304 Planta que produce algodon? | A) Algodonero | B) Trigo | C) Maiz,A
1305 Unidad SI de fuerza? | A) Joule | B) Pascal | C) Newton,C
1306 Primera mujer en ganar un Premio Nobel? | A) Rosalind Franklin | B) Marie Curie | C) Ada Lovelace,B
1307 Primer hombre en pisar la Luna? | A) Buzz Aldrin | B) Yuri Gagarin | C) Neil Armstrong,C
1308 Color que resulta de mezclar azul y amarillo? | A) Violeta | B) Verde | C) Naranja,B
1309 Cuantos jugadores por equipo en futbol en cancha? | A) 10 | B) 12 | C) 11,C
1310 Estudio de Toy Story? | A) Pixar | B) DreamWorks | C) Illumination,A
1311 Cuantos anillos olimpicos hay? | A) 6 | B) 5 | C) 4,B
1312 Rama de la ciencia que estudia los seres vivos? | A) Biologia | B) Geologia | C) Fisica,A
1313 Deporte principal de Michael Jordan? | A) Beisbol | B) Futbol americano | C) Baloncesto,C
1314 Cuantos jugadores por equipo en futbol en cancha? | A) 10 | B) 11 | C) 12,B
1315 Primer hombre en pisar la Luna? | A) Neil Armstrong | B) Yuri Gagarin | C) Buzz Aldrin,A
1316 Libertador de Chile? | A) Jose de San Martin | B) Manuel Rodriguez | C) Bernardo O Higgins,C
1317 Barco que se hundio en 1912? | A) Lusitania | B) Titanic | C) Britannic,B
1318 Boya de colores en el mar indica? | A) Surf | B) Pesca | C) Senalizacion,C
1319 Lengua oficial de Brasil? | A) Espanol | B) Portugues | C) Ingles,B
1320 Civilizacion que construyo las piramides de Giza? | A) Egipcia | B) Romana | C) Maya,A
1321 Proceso por el cual las plantas producen alimento? | A) Fermentacion | B) Respiracion | C) Fotosintesis,C
1322 Pais de nacimiento de Simon Bolivar? | A) Venezuela | B) Peru | C) Colombia,A
1323 Kamehameha pertenece a? | A) Dragon Ball | B) One Piece | C) Naruto,A
1324 Lider de la independencia de la India con no violencia? | A) Nehru | B) Jinnah | C) Gandhi,C
1325 Artista del album Thriller? | A) Prince | B) Madonna | C) Michael Jackson,C
1326 Unidad SI de fuerza? | A) Newton | B) Joule | C) Pascal,A
1327 Que vitamina se obtiene del sol? | A) Vitamina D | B) Vitamina C | C) Vitamina B12,A
1328 Barco que se hundio en 1912? | A) Titanic | B) Britannic | C) Lusitania,A
1329 Messi gano el Mundial con Argentina en? | A) 2022 | B) 2018 | C) 2014,A
1330 Principal satelite natural de la Tierra? | A) Fobos | B) La Luna | C) Titan,B
1331 Autor de Cien anios de soledad? | A) Mario Vargas Llosa | B) Gabriel Garcia Marquez | C) Julio Cortazar,B
1332 Que vitamina se obtiene del sol? | A) Vitamina C | B) Vitamina B12 | C) Vitamina D,C
1333 Estudio de Toy Story? | A) Illumination | B) DreamWorks | C) Pixar,C
1334 Que vitamina se obtiene del sol? | A) Vitamina D | B) Vitamina B12 | C) Vitamina C,A
1335 Deporte principal de Michael Jordan? | A) Futbol americano | B) Beisbol | C) Baloncesto,C
1336 Estacion posterior a la primavera en el hemisferio sur? | A) Otono | B) Verano | C) Invierno,C
1337 Lengua con mas hablantes nativos? | A) Ingles | B) Chino mandarin | C) Espanol,B
1338 Artista del album Thriller? | A) Madonna | B) Michael Jackson | C) Prince,B
1339 Barco que se hundio en 1912? | A) Lusitania | B) Titanic | C) Britannic,B
1340 Pais de nacimiento de Simon Bolivar? | A) Colombia | B) Peru | C) Venezuela,C
1341 Barco que se hundio en 1912? | A) Britannic | B) Titanic | C) Lusitania,B
1342 Lengua oficial de Brasil? | A) Espanol | B) Ingles | C) Portugues,C
1343 Cristiano Ronaldo es originario de? | A) Espana | B) Portugal | C) Brasil,B
1344 La NBA corresponde a? | A) Hockey | B) Beisbol | C) Baloncesto,C
1345 Lider de la independencia de la India con no violencia? | A) Jinnah | B) Gandhi | C) Nehru,B
1346 Quien pinto La Gioconda? | A) Miguel Angel | B) Rafael | C) Leonardo da Vinci,C
1347 Cristiano Ronaldo es originario de? | A) Brasil | B) Espana | C) Portugal,C
1348 Serie con dragones y un trono? | A) Game of Thrones | B) The Witcher | C) Vikings,A
1349 Instrumento de teclas y cuerdas? | A) Guitarra | B) Flauta | C) Piano,C
1350 Pais sede del Mundial FIFA 2014? | A) Brasil | B) Alemania | C) Sudafrica,A
1351 Autor de Cien anios de soledad? | A) Gabriel Garcia Marquez | B) Mario Vargas Llosa | C) Julio Cortazar,A
1352 Tejido donde ocurre el intercambio de gases? | A) Higado | B) Pulmones | C) Rinones,B
1353 Tejido donde ocurre el intercambio de gases? | A) Rinones | B) Higado | C) Pulmones,C
1354 Lider de la independencia de la India con no violencia? | A) Gandhi | B) Nehru | C) Jinnah,A
1355 Principal satelite natural de la Tierra? | A) Titan | B) Fobos | C) La Luna,C
1356 Franquicia con Pokebolas? | A) Yo Kai Watch | B) Digimon | C) Pokemon,C
1357 Metal mas ligero? | A) Magnesio | B) Litio | C) Aluminio,B
1358 Cuantos jugadores por equipo en futbol en cancha? | A) 11 | B) 10 | C) 12,A
1359 Cuantos jugadores por equipo en futbol en cancha? | A) 10 | B) 11 | C) 12,B
1360 Tejido donde ocurre el intercambio de gases? | A) Higado | B) Rinones | C) Pulmones,C
1361 Pais sede del Mundial FIFA 2014? | A) Alemania | B) Sudafrica | C) Brasil,C
1362 Gol en tenis se llama? | A) Canasta | B) Gol | C) Punto,C
1363 Principal satelite natural de la Tierra? | A) La Luna | B) Fobos | C) Titan,A
1364 Artista del album Thriller? | A) Michael Jackson | B) Madonna | C) Prince,A
1365 Deporte principal de Michael Jordan? | A) Beisbol | B) Baloncesto | C) Futbol americano,B
1366 Boya de colores en el mar indica? | A) Surf | B) Pesca | C) Senalizacion,C
1367 Quien pinto La Gioconda? | A) Miguel Angel | B) Leonardo da Vinci | C) Rafael,B
1368 Messi gano el Mundial con Argentina en? | A) 2018 | B) 2014 | C) 2022,C
1369 La NBA corresponde a? | A) Beisbol | B) Hockey | C) Baloncesto,C
1370 Compositor de Fur Elise? | A) Bach | B) Mozart | C) Beethoven,C
1371 Rama de la ciencia que estudia los seres vivos? | A) Fisica | B) Biologia | C) Geologia,B
1372 Trilogia famosa con un anillo y un mago? | A) El senor de los anillos | B) Harry Potter | C) Narnia,A
1373 Gas mas abundante del aire? | A) Dioxido de carbono | B) Oxigeno | C) Nitrogeno,C
1374 Planta que produce algodon? | A) Trigo | B) Maiz | C) Algodonero,C
1375 Deporte principal de Michael Jordan? | A) Baloncesto | B) Beisbol | C) Futbol americano,A
1376 Primera mujer en ganar un Premio Nobel? | A) Rosalind Franklin | B) Marie Curie | C) Ada Lovelace,B
1377 Franquicia con Pokebolas? | A) Yo Kai Watch | B) Digimon | C) Pokemon,C
1378 Boya de colores en el mar indica? | A) Pesca | B) Surf | C) Senalizacion,C
1379 Animal conocido como el rey de la selva? | A) Leon | B) Tigre | C) Pantera,A
1380 Animal conocido como el rey de la selva? | A) Leon | B) Tigre | C) Pantera,A
1381 Unidad SI de fuerza? | A) Newton | B) Pascal | C) Joule,A
1382 Lengua oficial de Brasil? | A) Portugues | B) Ingles | C) Espanol,A
1383 Artista del album Thriller? | A) Michael Jackson | B) Madonna | C) Prince,A
1384 La NBA corresponde a? | A) Beisbol | B) Hockey | C) Baloncesto,C
1385 Torneo mas importante de clubes en Europa? | A) Conference League | B) Liga de Campeones | C) Europa League,B
1386 La NBA corresponde a? | A) Beisbol | B) Hockey | C) Baloncesto,C
1387 Tejido donde ocurre el intercambio de gases? | A) Pulmones | B) Rinones | C) Higado,A
1388 Animal conocido como el rey de la selva? | A) Tigre | B) Pantera | C) Leon,C
1389 Anio en que comenzo la Segunda Guerra Mundial? | A) 1939 | B) 1945 | C) 1914,A
1390 Messi gano el Mundial con Argentina en? | A) 2014 | B) 2018 | C) 2022,C
1391 Lider de la independencia de la India con no violencia? | A) Gandhi | B) Jinnah | C) Nehru,A
1392 Metal mas ligero? | A) Litio | B) Magnesio | C) Aluminio,A
1393 Franquicia con Pokebolas? | A) Pokemon | B) Yo Kai Watch | C) Digimon,A
1394 Planeta conocido como el planeta rojo? | A) Mercurio | B) Marte | C) Jupiter,B
1395 Que vitamina se obtiene del sol? | A) Vitamina C | B) Vitamina D | C) Vitamina B12,B
1396 Lider de la independencia de la India con no violencia? | A) Jinnah | B) Nehru | C) Gandhi,C
1397 H2O es la formula de? | A) Peroxido | B) Agua | C) Oxigeno,B
1398 Primer hombre en pisar la Luna? | A) Neil Armstrong | B) Yuri Gagarin | C) Buzz Aldrin,A
1399 Imperio de Julio Cesar? | A) Griego | B) Romano | C) Persa,B
1400 Primer hombre en pisar la Luna? | A) Neil Armstrong | B) Yuri Gagarin | C) Buzz Aldrin,A
1401 Imperio de Julio Cesar? | A) Romano | B) Persa | C) Griego,A
1402 Gol en tenis se llama? | A) Gol | B) Canasta | C) Punto,C
1403 Gas mas abundante del aire? | A) Dioxido de carbono | B) Nitrogeno | C) Oxigeno,B
1404 Unidad SI de fuerza? | A) Pascal | B) Newton | C) Joule,B
1405 Kamehameha pertenece a? | A) One Piece | B) Dragon Ball | C) Naruto,B
1406 Principal satelite natural de la Tierra? | A) Titan | B) La Luna | C) Fobos,B
1407 Gol en tenis se llama? | A) Canasta | B) Gol | C) Punto,C
1408 Primera mujer en ganar un Premio Nobel? | A) Ada Lovelace | B) Marie Curie | C) Rosalind Franklin,B
1409 Cuantos jugadores por equipo en futbol en cancha? | A) 11 | B) 10 | C) 12,A
1410 Metal mas ligero? | A) Litio | B) Magnesio | C) Aluminio,A
1411 Quien pinto La Gioconda? | A) Rafael | B) Leonardo da Vinci | C) Miguel Angel,B
1412 Lengua con mas hablantes nativos? | A) Espanol | B) Ingles | C) Chino mandarin,C
1413 Cuantos anillos olimpicos hay? | A) 6 | B) 4 | C) 5,C
1414 Messi gano el Mundial con Argentina en? | A) 2014 | B) 2018 | C) 2022,C
1415 Trilogia famosa con un anillo y un mago? | A) Harry Potter | B) El senor de los anillos | C) Narnia,B
1416 Rama de la ciencia que estudia los seres vivos? | A) Fisica | B) Geologia | C) Biologia,C
1417 Superficie principal de Roland Garros? | A) Arcilla | B) Dura | C) Cesped,A
1418 Torneo mas importante de clubes en Europa? | A) Liga de Campeones | B) Europa League | C) Conference League,A
1419 Libertador de Chile? | A) Manuel Rodriguez | B) Jose de San Martin | C) Bernardo O Higgins,C
1420 Autor de Cien anios de soledad? | A) Julio Cortazar | B) Gabriel Garcia Marquez | C) Mario Vargas Llosa,B
1421 Proceso por el cual las plantas producen alimento? | A) Respiracion | B) Fotosintesis | C) Fermentacion,B
1422 Artista del album Thriller? | A) Prince | B) Michael Jackson | C) Madonna,B
1423 Cristiano Ronaldo es originario de? | A) Espana | B) Portugal | C) Brasil,B
1424 Primer hombre en pisar la Luna? | A) Neil Armstrong | B) Yuri Gagarin | C) Buzz Aldrin,A
1425 Artista del album Thriller? | A) Michael Jackson | B) Prince | C) Madonna,A
1426 Deporte principal de Michael Jordan? | A) Baloncesto | B) Beisbol | C) Futbol americano,A
1427 Pais sede del Mundial FIFA 2014? | A) Brasil | B) Sudafrica | C) Alemania,A
1428 Quien pinto La Gioconda? | A) Miguel Angel | B) Rafael | C) Leonardo da Vinci,C
1429 Lengua con mas hablantes nativos? | A) Espanol | B) Ingles | C) Chino mandarin,C
1430 Proceso por el cual las plantas producen alimento? | A) Respiracion | B) Fermentacion | C) Fotosintesis,C
1431 Organo que bombea la sangre? | A) Higado | B) Pulmon | C) Corazon,C
1432 Kamehameha pertenece a? | A) Dragon Ball | B) One Piece | C) Naruto,A
1433 Franquicia con Pokebolas? | A) Yo Kai Watch | B) Digimon | C) Pokemon,C
1434 Trilogia famosa con un anillo y un mago? | A) Harry Potter | B) El senor de los anillos | C) Narnia,B
1435 Gol en tenis se llama? | A) Punto | B) Canasta | C) Gol,A
1436 Primer hombre en pisar la Luna? | A) Buzz Aldrin | B) Neil Armstrong | C) Yuri Gagarin,B
1437 Estacion posterior a la primavera en el hemisferio sur? | A) Invierno | B) Verano | C) Otono,A
1438 Animal conocido como el rey de la selva? | A) Leon | B) Tigre | C) Pantera,A
1439 Planeta conocido como el planeta rojo? | A) Mercurio | B) Jupiter | C) Marte,C
1440 Animal conocido como el rey de la selva? | A) Leon | B) Pantera | C) Tigre,A
1441 Cuantos jugadores por equipo en futbol en cancha? | A) 11 | B) 12 | C) 10,A
1442 Metal mas ligero? | A) Aluminio | B) Litio | C) Magnesio,B
1443 Lengua oficial de Brasil? | A) Espanol | B) Ingles | C) Portugues,C
1444 Animal conocido como el rey de la selva? | A) Pantera | B) Leon | C) Tigre,B
1445 Lengua oficial de Brasil? | A) Ingles | B) Espanol | C) Portugues,C
1446 Barco que se hundio en 1912? | A) Britannic | B) Lusitania | C) Titanic,C
1447 Serie con dragones y un trono? | A) The Witcher | B) Vikings | C) Game of Thrones,C
1448 Principal satelite natural de la Tierra? | A) Titan | B) La Luna | C) Fobos,B
1449 Lengua con mas hablantes nativos? | A) Ingles | B) Espanol | C) Chino mandarin,C
1450 Torneo mas importante de clubes en Europa? | A) Liga de Campeones | B) Conference League | C) Europa League,A
1451 Rama de la ciencia que estudia los seres vivos? | A) Fisica | B) Biologia | C) Geologia,B
1452 Cual es la capital de Uruguay? | A) Caracas | B) Montevideo | C) Praga,B
1453 Planta que produce algodon? | A) Trigo | B) Maiz | C) Algodonero,C
1454 Unidad SI de fuerza? | A) Pascal | B) Joule | C) Newton,C
1455 Franquicia con Pokebolas? | A) Digimon | B) Pokemon | C) Yo Kai Watch,B
1456 Estudio de Toy Story? | A) DreamWorks | B) Illumination | C) Pixar,C
1457 Autor de Cien anios de soledad? | A) Mario Vargas Llosa | B) Gabriel Garcia Marquez | C) Julio Cortazar,B
1458 Anio en que comenzo la Segunda Guerra Mundial? | A) 1914 | B) 1945 | C) 1939,C
1459 Kamehameha pertenece a? | A) Naruto | B) Dragon Ball | C) One Piece,B
1460 Proceso por el cual las plantas producen alimento? | A) Respiracion | B) Fermentacion | C) Fotosintesis,C
1461 Unidad SI de fuerza? | A) Joule | B) Newton | C) Pascal,B
1462 Principal satelite natural de la Tierra? | A) La Luna | B) Titan | C) Fobos,A
1463 Torneo mas importante de clubes en Europa? | A) Liga de Campeones | B) Conference League | C) Europa League,A
1464 Gol en tenis se llama? | A) Canasta | B) Punto | C) Gol,B
1465 Barco que se hundio en 1912? | A) Lusitania | B) Britannic | C) Titanic,C
1466 Particula con carga negativa? | A) Proton | B) Electron | C) Neutron,B
1467 Libertador de Chile? | A) Manuel Rodriguez | B) Bernardo O Higgins | C) Jose de San Martin,B
1468 Superficie principal de Roland Garros? | A) Dura | B) Arcilla | C) Cesped,B
1469 Compositor de Fur Elise? | A) Mozart | B) Beethoven | C) Bach,B
1470 Imperio de Julio Cesar? | A) Griego | B) Persa | C) Romano,C
1471 Primera mujer en ganar un Premio Nobel? | A) Marie Curie | B) Ada Lovelace | C) Rosalind Franklin,A
1472 Pintor del Guernica? | A) Salvador Dali | B) Pablo Picasso | C) Joan Miro,B
1473 Color que resulta de mezclar azul y amarillo? | A) Naranja | B) Violeta | C) Verde,C
1474 Lengua con mas hablantes nativos? | A) Ingles | B) Espanol | C) Chino mandarin,C
1475 Civilizacion que construyo las piramides de Giza? | A) Maya | B) Egipcia | C) Romana,B
1476 La NBA corresponde a? | A) Hockey | B) Beisbol | C) Baloncesto,C
1477 Gol en tenis se llama? | A) Punto | B) Canasta | C) Gol,A
1478 Gol en tenis se llama? | A) Gol | B) Punto | C) Canasta,B
1479 Deporte principal de Michael Jordan? | A) Futbol americano | B) Beisbol | C) Baloncesto,C
1480 Estacion posterior a la primavera en el hemisferio sur? | A) Verano | B) Invierno | C) Otono,B
1481 Primera mujer en ganar un Premio Nobel? | A) Marie Curie | B) Ada Lovelace | C) Rosalind Franklin,A
1482 Gas mas abundante del aire? | A) Dioxido de carbono | B) Oxigeno | C) Nitrogeno,C
1483 Superficie principal de Roland Garros? | A) Arcilla | B) Cesped | C) Dura,A
1484 Cuantos anillos olimpicos hay? | A) 6 | B) 4 | C) 5,C
1485 Trilogia famosa con un anillo y un mago? | A) El senor de los anillos | B) Narnia | C) Harry Potter,A
1486 Boya de colores en el mar indica? | A) Pesca | B) Senalizacion | C) Surf,B
1487 Estudio de Toy Story? | A) Pixar | B) Illumination | C) DreamWorks,A
1488 Cristiano Ronaldo es originario de? | A) Brasil | B) Portugal | C) Espana,B
1489 Unidad SI de fuerza? | A) Joule | B) Pascal | C) Newton,C
1490 Franquicia con Pokebolas? | A) Yo Kai Watch | B) Digimon | C) Pokemon,C
1491 Pais de nacimiento de Simon Bolivar? | A) Peru | B) Colombia | C) Venezuela,C
1492 Imperio de Julio Cesar? | A) Romano | B) Persa | C) Griego,A
1493 Principal satelite natural de la Tierra? | A) Fobos | B) La Luna | C) Titan,B
1494 Gol en tenis se llama? | A) Canasta | B) Gol | C) Punto,C
1495 Quien pinto La Gioconda? | A) Miguel Angel | B) Leonardo da Vinci | C) Rafael,B
1496 Pais de nacimiento de Simon Bolivar? | A) Peru | B) Colombia | C) Venezuela,C
1497 Lider de la independencia de la India con no violencia? | A) Jinnah | B) Nehru | C) Gandhi,C
1498 Franquicia con Pokebolas? | A) Yo Kai Watch | B) Digimon | C) Pokemon,C
1499 Proceso por el cual las plantas producen alimento? | A) Fermentacion | B) Respiracion | C) Fotosintesis,C
1500 Pintor del Guernica? | A) Pablo Picasso | B) Salvador Dali | C) Joan Miro,A
1501 Principal satelite natural de la Tierra? | A) Titan | B) La Luna | C) Fobos,B
1502 Metal mas ligero? | A) Magnesio | B) Litio | C) Aluminio,B
1503 La NBA corresponde a? | A) Hockey | B) Beisbol | C) Baloncesto,C
1504 La NBA corresponde a? | A) Hockey | B) Baloncesto | C) Beisbol,B
1505 Lengua oficial de Brasil? | A) Espanol | B) Portugues | C) Ingles,B
1506 Gas mas abundante del aire? | A) Nitrogeno | B) Dioxido de carbono | C) Oxigeno,A
1507 Trilogia famosa con un anillo y un mago? | A) Harry Potter | B) Narnia | C) El senor de los anillos,C
1508 Deporte principal de Michael Jordan? | A) Baloncesto | B) Beisbol | C) Futbol americano,A
1509 Pais sede del Mundial FIFA 2014? | A) Sudafrica | B) Brasil | C) Alemania,B
1510 Cristiano Ronaldo es originario de? | A) Espana | B) Brasil | C) Portugal,C
1511 Estudio de Toy Story? | A) Illumination | B) DreamWorks | C) Pixar,C
1512 Trilogia famosa con un anillo y un mago? | A) Narnia | B) El senor de los anillos | C) Harry Potter,B
1513 Tejido donde ocurre el intercambio de gases? | A) Pulmones | B) Higado | C) Rinones,A
1514 Torneo mas importante de clubes en Europa? | A) Liga de Campeones | B) Europa League | C) Conference League,A
1515 Unidad SI de fuerza? | A) Joule | B) Pascal | C) Newton,C
1516 Franquicia con Pokebolas? | A) Pokemon | B) Digimon | C) Yo Kai Watch,A
1517 Estacion posterior a la primavera en el hemisferio sur? | A) Verano | B) Otono | C) Invierno,C
1518 Imperio de Julio Cesar? | A) Persa | B) Romano | C) Griego,B
1519 H2O es la formula de? | A) Peroxido | B) Agua | C) Oxigeno,B
1520 Que vitamina se obtiene del sol? | A) Vitamina B12 | B) Vitamina C | C) Vitamina D,C
1521 Artista del album Thriller? | A) Madonna | B) Michael Jackson | C) Prince,B
1522 Tejido donde ocurre el intercambio de gases? | A) Rinones | B) Higado | C) Pulmones,C
1523 Compositor de Fur Elise? | A) Beethoven | B) Bach | C) Mozart,A
1524 H2O es la formula de? | A) Peroxido | B) Agua | C) Oxigeno,B
1525 Tejido donde ocurre el intercambio de gases? | A) Higado | B) Pulmones | C) Rinones,B
1526 Pais sede del Mundial FIFA 2014? | A) Brasil | B) Alemania | C) Sudafrica,A
1527 Lider de la independencia de la India con no violencia? | A) Nehru | B) Gandhi | C) Jinnah,B
1528 Superficie principal de Roland Garros? | A) Dura | B) Cesped | C) Arcilla,C
1529 Primer hombre en pisar la Luna? | A) Yuri Gagarin | B) Buzz Aldrin | C) Neil Armstrong,C
1530 Boya de colores en el mar indica? | A) Surf | B) Pesca | C) Senalizacion,C
1531 H2O es la formula de? | A) Agua | B) Peroxido | C) Oxigeno,A
1532 Torneo mas importante de clubes en Europa? | A) Conference League | B) Liga de Campeones | C) Europa League,B
1533 Primer hombre en pisar la Luna? | A) Buzz Aldrin | B) Neil Armstrong | C) Yuri Gagarin,B
1534 Metal mas ligero? | A) Litio | B) Magnesio | C) Aluminio,A
1535 Franquicia con Pokebolas? | A) Digimon | B) Yo Kai Watch | C) Pokemon,C
1536 Estudio de Toy Story? | A) Pixar | B) DreamWorks | C) Illumination,A
1537 Primer hombre en pisar la Luna? | A) Neil Armstrong | B) Yuri Gagarin | C) Buzz Aldrin,A
1538 Primera mujer en ganar un Premio Nobel? | A) Marie Curie | B) Rosalind Franklin | C) Ada Lovelace,A
1539 Planeta conocido como el planeta rojo? | A) Marte | B) Mercurio | C) Jupiter,A
1540 Estudio de Toy Story? | A) Pixar | B) Illumination | C) DreamWorks,A
1541 Compositor de Fur Elise? | A) Bach | B) Beethoven | C) Mozart,B
1542 Artista del album Thriller? | A) Michael Jackson | B) Madonna | C) Prince,A
1543 Compositor de Fur Elise? | A) Mozart | B) Beethoven | C) Bach,B
1544 Superficie principal de Roland Garros? | A) Dura | B) Cesped | C) Arcilla,C
1545 Rama de la ciencia que estudia los seres vivos? | A) Geologia | B) Biologia | C) Fisica,B
1546 Organo que bombea la sangre? | A) Pulmon | B) Higado | C) Corazon,C
1547 Quien pinto La Gioconda? | A) Miguel Angel | B) Rafael | C) Leonardo da Vinci,C
1548 Franquicia con Pokebolas? | A) Digimon | B) Pokemon | C) Yo Kai Watch,B
1549 Civilizacion que construyo las piramides de Giza? | A) Egipcia | B) Romana | C) Maya,A
1550 Tejido donde ocurre el intercambio de gases? | A) Higado | B) Pulmones | C) Rinones,B
1551 Estudio de Toy Story? | A) DreamWorks | B) Illumination | C) Pixar,C
1552 Principal satelite natural de la Tierra? | A) Fobos | B) La Luna | C) Titan,B
1553 H2O es la formula de? | A) Agua | B) Peroxido | C) Oxigeno,A
1554 Cuantos jugadores por equipo en futbol en cancha? | A) 11 | B) 12 | C) 10,A
1555 Unidad SI de fuerza? | A) Pascal | B) Joule | C) Newton,C
1556 Autor de Cien anios de soledad? | A) Mario Vargas Llosa | B) Gabriel Garcia Marquez | C) Julio Cortazar,B
1557 Particula con carga negativa? | A) Neutron | B) Proton | C) Electron,C
1558 Civilizacion que construyo las piramides de Giza? | A) Maya | B) Romana | C) Egipcia,C
1559 Instrumento de teclas y cuerdas? | A) Guitarra | B) Flauta | C) Piano,C
1560 Compositor de Fur Elise? | A) Bach | B) Mozart | C) Beethoven,C
1561 Serie con dragones y un trono? | A) Game of Thrones | B) The Witcher | C) Vikings,A
1562 Civilizacion que construyo las piramides de Giza? | A) Romana | B) Egipcia | C) Maya,B
1563 Bebida tradicional de Argentina y Uruguay? | A) Te | B) Mate | C) Cafe,B
1564 Franquicia con Pokebolas? | A) Pokemon | B) Yo Kai Watch | C) Digimon,A
1565 Superficie principal de Roland Garros? | A) Cesped | B) Dura | C) Arcilla,C
1566 Compositor de Fur Elise? | A) Beethoven | B) Bach | C) Mozart,A
1567 Primer hombre en pisar la Luna? | A) Neil Armstrong | B) Buzz Aldrin | C) Yuri Gagarin,A
1568 Primera mujer en ganar un Premio Nobel? | A) Rosalind Franklin | B) Ada Lovelace | C) Marie Curie,C
1569 Estacion posterior a la primavera en el hemisferio sur? | A) Verano | B) Invierno | C) Otono,B
1570 Organo que bombea la sangre? | A) Higado | B) Corazon | C) Pulmon,B
1571 Anio en que comenzo la Segunda Guerra Mundial? | A) 1939 | B) 1945 | C) 1914,A
1572 Gol en tenis se llama? | A) Punto | B) Gol | C) Canasta,A
1573 Planeta conocido como el planeta rojo? | A) Mercurio | B) Jupiter | C) Marte,C
1574 Planeta conocido como el planeta rojo? | A) Marte | B) Jupiter | C) Mercurio,A
1575 Pais sede del Mundial FIFA 2014? | A) Brasil | B) Sudafrica | C) Alemania,A
1576 Barco que se hundio en 1912? | A) Britannic | B) Titanic | C) Lusitania,B
1577 Pintor del Guernica? | A) Salvador Dali | B) Pablo Picasso | C) Joan Miro,B
1578 Anio en que comenzo la Segunda Guerra Mundial? | A) 1939 | B) 1945 | C) 1914,A
1579 Libertador de Chile? | A) Bernardo O Higgins | B) Jose de San Martin | C) Manuel Rodriguez,A
1580 Trilogia famosa con un anillo y un mago? | A) El senor de los anillos | B) Narnia | C) Harry Potter,A
1581 Proceso por el cual las plantas producen alimento? | A) Fermentacion | B) Fotosintesis | C) Respiracion,B
1582 Autor de Cien anios de soledad? | A) Mario Vargas Llosa | B) Gabriel Garcia Marquez | C) Julio Cortazar,B
1583 Cuantos anillos olimpicos hay? | A) 4 | B) 6 | C) 5,C
1584 Primer hombre en pisar la Luna? | A) Neil Armstrong | B) Yuri Gagarin | C) Buzz Aldrin,A
1585 Primer hombre en pisar la Luna? | A) Buzz Aldrin | B) Neil Armstrong | C) Yuri Gagarin,B
1586 Cuantos anillos olimpicos hay? | A) 6 | B) 5 | C) 4,B
1587 Tejido donde ocurre el intercambio de gases? | A) Higado | B) Rinones | C) Pulmones,C
1588 Bebida tradicional de Argentina y Uruguay? | A) Te | B) Cafe | C) Mate,C
1589 Civilizacion que construyo las piramides de Giza? | A) Romana | B) Egipcia | C) Maya,B
1590 La NBA corresponde a? | A) Beisbol | B) Hockey | C) Baloncesto,C
1591 Principal satelite natural de la Tierra? | A) Titan | B) Fobos | C) La Luna,C
1592 Civilizacion que construyo las piramides de Giza? | A) Egipcia | B) Romana | C) Maya,A
1593 Organo que bombea la sangre? | A) Higado | B) Pulmon | C) Corazon,C
1594 H2O es la formula de? | A) Peroxido | B) Oxigeno | C) Agua,C
1595 Deporte principal de Michael Jordan? | A) Futbol americano | B) Baloncesto | C) Beisbol,B
1596 Lengua oficial de Brasil? | A) Portugues | B) Ingles | C) Espanol,A
1597 Gol en tenis se llama? | A) Punto | B) Canasta | C) Gol,A
1598 Cual es la capital de Italia? | A) Pekin | B) Abuya | C) Roma,C
1599 Que vitamina se obtiene del sol? | A) Vitamina B12 | B) Vitamina C | C) Vitamina D,C
1600 H2O es la formula de? | A) Agua | B) Oxigeno | C) Peroxido,A
1601 Que vitamina se obtiene del sol? | A) Vitamina C | B) Vitamina B12 | C) Vitamina D,C
1602 Kamehameha pertenece a? | A) One Piece | B) Naruto | C) Dragon Ball,C
1603 Estudio de Toy Story? | A) DreamWorks | B) Pixar | C) Illumination,B
1604 Proceso por el cual las plantas producen alimento? | A) Fermentacion | B) Respiracion | C) Fotosintesis,C
1605 Bebida tradicional de Argentina y Uruguay? | A) Mate | B) Te | C) Cafe,A
1606 Torneo mas importante de clubes en Europa? | A) Conference League | B) Liga de Campeones | C) Europa League,B
1607 Gas mas abundante del aire? | A) Dioxido de carbono | B) Oxigeno | C) Nitrogeno,C
1608 Pais sede del Mundial FIFA 2014? | A) Alemania | B) Sudafrica | C) Brasil,C
1609 Serie con dragones y un trono? | A) Game of Thrones | B) The Witcher | C) Vikings,A
1610 Quien pinto La Gioconda? | A) Rafael | B) Miguel Angel | C) Leonardo da Vinci,C
1611 Rama de la ciencia que estudia los seres vivos? | A) Biologia | B) Fisica | C) Geologia,A
1612 Que vitamina se obtiene del sol? | A) Vitamina D | B) Vitamina C | C) Vitamina B12,A
1613 Gas mas abundante del aire? | A) Dioxido de carbono | B) Oxigeno | C) Nitrogeno,C
1614 Cual es la capital de Egipto? | A) El Cairo | B) Montevideo | C) Berlin,A
1615 Autor de Cien anios de soledad? | A) Mario Vargas Llosa | B) Gabriel Garcia Marquez | C) Julio Cortazar,B
1616 Autor de Cien anios de soledad? | A) Julio Cortazar | B) Mario Vargas Llosa | C) Gabriel Garcia Marquez,C
1617 Messi gano el Mundial con Argentina en? | A) 2018 | B) 2022 | C) 2014,B
1618 Tejido donde ocurre el intercambio de gases? | A) Pulmones | B) Rinones | C) Higado,A
1619 Pais sede del Mundial FIFA 2014? | A) Brasil | B) Sudafrica | C) Alemania,A
1620 Libertador de Chile? | A) Bernardo O Higgins | B) Manuel Rodriguez | C) Jose de San Martin,A
1621 Pais sede del Mundial FIFA 2014? | A) Alemania | B) Brasil | C) Sudafrica,B
1622 Compositor de Fur Elise? | A) Beethoven | B) Bach | C) Mozart,A
1623 Serie con dragones y un trono? | A) Game of Thrones | B) Vikings | C) The Witcher,A
1624 Messi gano el Mundial con Argentina en? | A) 2022 | B) 2014 | C) 2018,A
1625 Proceso por el cual las plantas producen alimento? | A) Respiracion | B) Fermentacion | C) Fotosintesis,C
1626 Artista del album Thriller? | A) Madonna | B) Prince | C) Michael Jackson,C
1627 Proceso por el cual las plantas producen alimento? | A) Fotosintesis | B) Fermentacion | C) Respiracion,A
1628 Organo que bombea la sangre? | A) Higado | B) Corazon | C) Pulmon,B
1629 Serie con dragones y un trono? | A) Vikings | B) Game of Thrones | C) The Witcher,B
1630 Tejido donde ocurre el intercambio de gases? | A) Higado | B) Pulmones | C) Rinones,B
1631 Pais sede del Mundial FIFA 2014? | A) Alemania | B) Sudafrica | C) Brasil,C
1632 Barco que se hundio en 1912? | A) Titanic | B) Britannic | C) Lusitania,A
1633 Estacion posterior a la primavera en el hemisferio sur? | A) Otono | B) Invierno | C) Verano,B
1634 Messi gano el Mundial con Argentina en? | A) 2014 | B) 2022 | C) 2018,B
1635 Torneo mas importante de clubes en Europa? | A) Liga de Campeones | B) Europa League | C) Conference League,A
1636 Organo que bombea la sangre? | A) Corazon | B) Pulmon | C) Higado,A
1637 Anio en que comenzo la Segunda Guerra Mundial? | A) 1914 | B) 1945 | C) 1939,C
1638 Animal conocido como el rey de la selva? | A) Leon | B) Pantera | C) Tigre,A
1639 Kamehameha pertenece a? | A) One Piece | B) Naruto | C) Dragon Ball,C
1640 Planta que produce algodon? | A) Algodonero | B) Trigo | C) Maiz,A
1641 Color que resulta de mezclar azul y amarillo? | A) Verde | B) Violeta | C) Naranja,A
1642 Libertador de Chile? | A) Jose de San Martin | B) Bernardo O Higgins | C) Manuel Rodriguez,B
1643 Barco que se hundio en 1912? | A) Titanic | B) Britannic | C) Lusitania,A
1644 Organo que bombea la sangre? | A) Higado | B) Pulmon | C) Corazon,C
1645 Estudio de Toy Story? | A) DreamWorks | B) Illumination | C) Pixar,C
1646 Superficie principal de Roland Garros? | A) Dura | B) Arcilla | C) Cesped,B
1647 La NBA corresponde a? | A) Beisbol | B) Hockey | C) Baloncesto,C
1648 Pais sede del Mundial FIFA 2014? | A) Brasil | B) Alemania | C) Sudafrica,A
1649 Rama de la ciencia que estudia los seres vivos? | A) Geologia | B) Biologia | C) Fisica,B
1650 Deporte principal de Michael Jordan? | A) Futbol americano | B) Baloncesto | C) Beisbol,B
1651 Civilizacion que construyo las piramides de Giza? | A) Egipcia | B) Romana | C) Maya,A
1652 Unidad SI de fuerza? | A) Joule | B) Pascal | C) Newton,C
1653 Superficie principal de Roland Garros? | A) Arcilla | B) Cesped | C) Dura,A
1654 Cristiano Ronaldo es originario de? | A) Espana | B) Portugal | C) Brasil,B
1655 Metal mas ligero? | A) Aluminio | B) Magnesio | C) Litio,C
1656 Tejido donde ocurre el intercambio de gases? | A) Rinones | B) Pulmones | C) Higado,B
1657 Anio en que comenzo la Segunda Guerra Mundial? | A) 1939 | B) 1914 | C) 1945,A
1658 Primer hombre en pisar la Luna? | A) Buzz Aldrin | B) Yuri Gagarin | C) Neil Armstrong,C
1659 Que vitamina se obtiene del sol? | A) Vitamina B12 | B) Vitamina C | C) Vitamina D,C
1660 Color que resulta de mezclar azul y amarillo? | A) Violeta | B) Naranja | C) Verde,C
1661 Cuantos anillos olimpicos hay? | A) 4 | B) 6 | C) 5,C
1662 Messi gano el Mundial con Argentina en? | A) 2022 | B) 2014 | C) 2018,A
1663 Serie con dragones y un trono? | A) Game of Thrones | B) Vikings | C) The Witcher,A
1664 Serie con dragones y un trono? | A) The Witcher | B) Game of Thrones | C) Vikings,B
1665 Deporte principal de Michael Jordan? | A) Futbol americano | B) Baloncesto | C) Beisbol,B
1666 Pais de nacimiento de Simon Bolivar? | A) Colombia | B) Venezuela | C) Peru,B
1667 Gol en tenis se llama? | A) Gol | B) Punto | C) Canasta,B
1668 Compositor de Fur Elise? | A) Mozart | B) Bach | C) Beethoven,C
1669 Deporte principal de Michael Jordan? | A) Baloncesto | B) Futbol americano | C) Beisbol,A
1670 Primer hombre en pisar la Luna? | A) Buzz Aldrin | B) Neil Armstrong | C) Yuri Gagarin,B
1671 Artista del album Thriller? | A) Michael Jackson | B) Prince | C) Madonna,A
1672 Pintor del Guernica? | A) Pablo Picasso | B) Salvador Dali | C) Joan Miro,A
1673 Anio en que comenzo la Segunda Guerra Mundial? | A) 1939 | B) 1945 | C) 1914,A
1674 Cual es la capital de Peru? | A) Ottawa | B) Lima | C) Budapest,B
1675 Barco que se hundio en 1912? | A) Titanic | B) Britannic | C) Lusitania,A
1676 Superficie principal de Roland Garros? | A) Arcilla | B) Cesped | C) Dura,A
1677 Que vitamina se obtiene del sol? | A) Vitamina D | B) Vitamina B12 | C) Vitamina C,A
1678 Pintor del Guernica? | A) Joan Miro | B) Salvador Dali | C) Pablo Picasso,C
1679 Deporte principal de Michael Jordan? | A) Futbol americano | B) Beisbol | C) Baloncesto,C
1680 Planeta conocido como el planeta rojo? | A) Mercurio | B) Jupiter | C) Marte,C
1681 Organo que bombea la sangre? | A) Higado | B) Pulmon | C) Corazon,C
1682 Rama de la ciencia que estudia los seres vivos? | A) Fisica | B) Biologia | C) Geologia,B
1683 Messi gano el Mundial con Argentina en? | A) 2014 | B) 2018 | C) 2022,C
1684 Particula con carga negativa? | A) Proton | B) Electron | C) Neutron,B
1685 Autor de Cien anios de soledad? | A) Gabriel Garcia Marquez | B) Mario Vargas Llosa | C) Julio Cortazar,A
1686 Particula con carga negativa? | A) Neutron | B) Electron | C) Proton,B
1687 Cual es la capital de Reino Unido? | A) Moscu | B) Canberra | C) Londres,C
1688 Trilogia famosa con un anillo y un mago? | A) El senor de los anillos | B) Harry Potter | C) Narnia,A
1689 Particula con carga negativa? | A) Proton | B) Neutron | C) Electron,C
1690 Lider de la independencia de la India con no violencia? | A) Gandhi | B) Jinnah | C) Nehru,A
1691 Proceso por el cual las plantas producen alimento? | A) Fotosintesis | B) Fermentacion | C) Respiracion,A
1692 Deporte principal de Michael Jordan? | A) Beisbol | B) Baloncesto | C) Futbol americano,B
1693 Planta que produce algodon? | A) Trigo | B) Maiz | C) Algodonero,C
1694 Lider de la independencia de la India con no violencia? | A) Jinnah | B) Gandhi | C) Nehru,B
1695 Deporte principal de Michael Jordan? | A) Futbol americano | B) Baloncesto | C) Beisbol,B
1696 Cuantos jugadores por equipo en futbol en cancha? | A) 11 | B) 10 | C) 12,A
1697 Rama de la ciencia que estudia los seres vivos? | A) Geologia | B) Biologia | C) Fisica,B
1698 Cuantos jugadores por equipo en futbol en cancha? | A) 11 | B) 10 | C) 12,A
1699 Animal conocido como el rey de la selva? | A) Pantera | B) Leon | C) Tigre,B
1700 Cristiano Ronaldo es originario de? | A) Portugal | B) Espana | C) Brasil,A
1701 Planeta conocido como el planeta rojo? | A) Marte | B) Mercurio | C) Jupiter,A
1702 Estudio de Toy Story? | A) Pixar | B) Illumination | C) DreamWorks,A
1703 Boya de colores en el mar indica? | A) Surf | B) Senalizacion | C) Pesca,B
1704 Anio en que comenzo la Segunda Guerra Mundial? | A) 1914 | B) 1939 | C) 1945,B
1705 Torneo mas importante de clubes en Europa? | A) Liga de Campeones | B) Europa League | C) Conference League,A
1706 Trilogia famosa con un anillo y un mago? | A) El senor de los anillos | B) Harry Potter | C) Narnia,A
1707 Torneo mas importante de clubes en Europa? | A) Liga de Campeones | B) Europa League | C) Conference League,A
1708 Estacion posterior a la primavera en el hemisferio sur? | A) Verano | B) Otono | C) Invierno,C
1709 Lengua con mas hablantes nativos? | A) Ingles | B) Chino mandarin | C) Espanol,B
1710 Libertador de Chile? | A) Jose de San Martin | B) Bernardo O Higgins | C) Manuel Rodriguez,B
1711 Planta que produce algodon? | A) Trigo | B) Maiz | C) Algodonero,C
1712 Estudio de Toy Story? | A) Pixar | B) DreamWorks | C) Illumination,A
1713 Bebida tradicional de Argentina y Uruguay? | A) Mate | B) Te | C) Cafe,A
1714 Imperio de Julio Cesar? | A) Griego | B) Persa | C) Romano,C
1715 Boya de colores en el mar indica? | A) Senalizacion | B) Pesca | C) Surf,A
1716 Unidad SI de fuerza? | A) Newton | B) Joule | C) Pascal,A
1717 Planta que produce algodon? | A) Trigo | B) Maiz | C) Algodonero,C
1718 Pais de nacimiento de Simon Bolivar? | A) Colombia | B) Venezuela | C) Peru,B
1719 Particula con carga negativa? | A) Electron | B) Neutron | C) Proton,A
1720 Gas mas abundante del aire? | A) Dioxido de carbono | B) Oxigeno | C) Nitrogeno,C
1721 Artista del album Thriller? | A) Madonna | B) Michael Jackson | C) Prince,B
1722 Torneo mas importante de clubes en Europa? | A) Conference League | B) Liga de Campeones | C) Europa League,B
1723 Kamehameha pertenece a? | A) Dragon Ball | B) Naruto | C) One Piece,A
1724 Gas mas abundante del aire? | A) Nitrogeno | B) Oxigeno | C) Dioxido de carbono,A
1725 Proceso por el cual las plantas producen alimento? | A) Fotosintesis | B) Fermentacion | C) Respiracion,A
1726 Pais de nacimiento de Simon Bolivar? | A) Peru | B) Colombia | C) Venezuela,C
1727 Libertador de Chile? | A) Bernardo O Higgins | B) Jose de San Martin | C) Manuel Rodriguez,A
1728 Tejido donde ocurre el intercambio de gases? | A) Higado | B) Pulmones | C) Rinones,B
1729 Bebida tradicional de Argentina y Uruguay? | A) Te | B) Mate | C) Cafe,B
1730 Messi gano el Mundial con Argentina en? | A) 2018 | B) 2022 | C) 2014,B
1731 Lengua con mas hablantes nativos? | A) Ingles | B) Chino mandarin | C) Espanol,B
1732 Imperio de Julio Cesar? | A) Romano | B) Griego | C) Persa,A
1733 Unidad SI de fuerza? | A) Joule | B) Newton | C) Pascal,B
1734 Franquicia con Pokebolas? | A) Yo Kai Watch | B) Digimon | C) Pokemon,C
1735 Artista del album Thriller? | A) Prince | B) Michael Jackson | C) Madonna,B
1736 Quien pinto La Gioconda? | A) Miguel Angel | B) Leonardo da Vinci | C) Rafael,B
1737 Animal conocido como el rey de la selva? | A) Pantera | B) Leon | C) Tigre,B
1738 Messi gano el Mundial con Argentina en? | A) 2018 | B) 2022 | C) 2014,B
1739 Cuantos anillos olimpicos hay? | A) 4 | B) 5 | C) 6,B
1740 Torneo mas importante de clubes en Europa? | A) Europa League | B) Liga de Campeones | C) Conference League,B
1741 Gas mas abundante del aire? | A) Oxigeno | B) Nitrogeno | C) Dioxido de carbono,B
1742 Bebida tradicional de Argentina y Uruguay? | A) Cafe | B) Te | C) Mate,C
1743 Messi gano el Mundial con Argentina en? | A) 2018 | B) 2014 | C) 2022,C
1744 Barco que se hundio en 1912? | A) Britannic | B) Lusitania | C) Titanic,C
1745 Cristiano Ronaldo es originario de? | A) Portugal | B) Espana | C) Brasil,A
1746 Rama de la ciencia que estudia los seres vivos? | A) Biologia | B) Geologia | C) Fisica,A
1747 Primera mujer en ganar un Premio Nobel? | A) Ada Lovelace | B) Rosalind Franklin | C) Marie Curie,C
1748 Kamehameha pertenece a? | A) One Piece | B) Naruto | C) Dragon Ball,C
1749 Gol en tenis se llama? | A) Punto | B) Canasta | C) Gol,A
1750 Metal mas ligero? | A) Litio | B) Magnesio | C) Aluminio,A
1751 Boya de colores en el mar indica? | A) Surf | B) Pesca | C) Senalizacion,C
1752 Organo que bombea la sangre? | A) Corazon | B) Pulmon | C) Higado,A
1753 Particula con carga negativa? | A) Proton | B) Neutron | C) Electron,C
1754 Cristiano Ronaldo es originario de? | A) Portugal | B) Espana | C) Brasil,A
1755 Trilogia famosa con un anillo y un mago? | A) Narnia | B) El senor de los anillos | C) Harry Potter,B
1756 La NBA corresponde a? | A) Beisbol | B) Baloncesto | C) Hockey,B
1757 Kamehameha pertenece a? | A) Dragon Ball | B) Naruto | C) One Piece,A
1758 Compositor de Fur Elise? | A) Beethoven | B) Mozart | C) Bach,A
1759 Pais de nacimiento de Simon Bolivar? | A) Colombia | B) Peru | C) Venezuela,C
1760 Que vitamina se obtiene del sol? | A) Vitamina C | B) Vitamina B12 | C) Vitamina D,C
1761 Pintor del Guernica? | A) Pablo Picasso | B) Salvador Dali | C) Joan Miro,A
1762 Primera mujer en ganar un Premio Nobel? | A) Rosalind Franklin | B) Ada Lovelace | C) Marie Curie,C
1763 Mar entre Europa y Africa? | A) Mediterraneo | B) Baltico | C) Caribe,A
1764 Serie con dragones y un trono? | A) The Witcher | B) Game of Thrones | C) Vikings,B
1765 Que vitamina se obtiene del sol? | A) Vitamina C | B) Vitamina D | C) Vitamina B12,B
1766 Oceano mas grande? | A) Indico | B) Pacifico | C) Atlantico,B
1767 Quien pinto La Gioconda? | A) Leonardo da Vinci | B) Miguel Angel | C) Rafael,A
1768 Pais sede del Mundial FIFA 2014? | A) Sudafrica | B) Brasil | C) Alemania,B
1769 Gol en tenis se llama? | A) Punto | B) Gol | C) Canasta,A
1770 Que vitamina se obtiene del sol? | A) Vitamina C | B) Vitamina B12 | C) Vitamina D,C
1771 H2O es la formula de? | A) Oxigeno | B) Peroxido | C) Agua,C
1772 Lider de la independencia de la India con no violencia? | A) Nehru | B) Jinnah | C) Gandhi,C
1773 Superficie principal de Roland Garros? | A) Cesped | B) Arcilla | C) Dura,B
1774 Deporte principal de Michael Jordan? | A) Beisbol | B) Futbol americano | C) Baloncesto,C
1775 Serie con dragones y un trono? | A) Vikings | B) Game of Thrones | C) The Witcher,B
1776 Rama de la ciencia que estudia los seres vivos? | A) Fisica | B) Biologia | C) Geologia,B
1777 Metal mas ligero? | A) Magnesio | B) Aluminio | C) Litio,C
1778 Messi gano el Mundial con Argentina en? | A) 2018 | B) 2022 | C) 2014,B
1779 Lider de la independencia de la India con no violencia? | A) Nehru | B) Jinnah | C) Gandhi,C
1780 Barco que se hundio en 1912? | A) Lusitania | B) Britannic | C) Titanic,C
1781 Lider de la independencia de la India con no violencia? | A) Jinnah | B) Gandhi | C) Nehru,B
1782 Anio en que comenzo la Segunda Guerra Mundial? | A) 1939 | B) 1945 | C) 1914,A
1783 Franquicia con Pokebolas? | A) Pokemon | B) Digimon | C) Yo Kai Watch,A
1784 Bebida tradicional de Argentina y Uruguay? | A) Cafe | B) Mate | C) Te,B
1785 Superficie principal de Roland Garros? | A) Cesped | B) Dura | C) Arcilla,C
1786 Primer hombre en pisar la Luna? | A) Neil Armstrong | B) Yuri Gagarin | C) Buzz Aldrin,A
1787 Superficie principal de Roland Garros? | A) Arcilla | B) Cesped | C) Dura,A
1788 Pintor del Guernica? | A) Salvador Dali | B) Joan Miro | C) Pablo Picasso,C
1789 Gol en tenis se llama? | A) Punto | B) Canasta | C) Gol,A
1790 Que vitamina se obtiene del sol? | A) Vitamina B12 | B) Vitamina D | C) Vitamina C,B
1791 Serie con dragones y un trono? | A) The Witcher | B) Vikings | C) Game of Thrones,C
1792 Pais sede del Mundial FIFA 2014? | A) Alemania | B) Brasil | C) Sudafrica,B
1793 Primer hombre en pisar la Luna? | A) Buzz Aldrin | B) Neil Armstrong | C) Yuri Gagarin,B
1794 Deporte principal de Michael Jordan? | A) Futbol americano | B) Baloncesto | C) Beisbol,B
1795 Pais de nacimiento de Simon Bolivar? | A) Colombia | B) Venezuela | C) Peru,B
1796 Serie con dragones y un trono? | A) Vikings | B) The Witcher | C) Game of Thrones,C
1797 Messi gano el Mundial con Argentina en? | A) 2018 | B) 2022 | C) 2014,B
1798 H2O es la formula de? | A) Oxigeno | B) Peroxido | C) Agua,C
1799 Imperio de Julio Cesar? | A) Romano | B) Persa | C) Griego,A
1800 Autor de Cien anios de soledad? | A) Julio Cortazar | B) Gabriel Garcia Marquez | C) Mario Vargas Llosa,B
1801 Quien pinto La Gioconda? | A) Rafael | B) Leonardo da Vinci | C) Miguel Angel,B
1802 Proceso por el cual las plantas producen alimento? | A) Fotosintesis | B) Respiracion | C) Fermentacion,A
1803 Gol en tenis se llama? | A) Punto | B) Canasta | C) Gol,A
1804 Compositor de Fur Elise? | A) Beethoven | B) Bach | C) Mozart,A
1805 Estudio de Toy Story? | A) Illumination | B) Pixar | C) DreamWorks,B
1806 Trilogia famosa con un anillo y un mago? | A) Harry Potter | B) El senor de los anillos | C) Narnia,B
1807 Trilogia famosa con un anillo y un mago? | A) Harry Potter | B) Narnia | C) El senor de los anillos,C
1808 Superficie principal de Roland Garros? | A) Arcilla | B) Cesped | C) Dura,A
1809 Quien pinto La Gioconda? | A) Leonardo da Vinci | B) Miguel Angel | C) Rafael,A
1810 Deporte principal de Michael Jordan? | A) Futbol americano | B) Baloncesto | C) Beisbol,B
1811 Autor de Cien anios de soledad? | A) Mario Vargas Llosa | B) Julio Cortazar | C) Gabriel Garcia Marquez,C
1812 Trilogia famosa con un anillo y un mago? | A) El senor de los anillos | B) Harry Potter | C) Narnia,A
1813 Trilogia famosa con un anillo y un mago? | A) Harry Potter | B) Narnia | C) El senor de los anillos,C
1814 Rama de la ciencia que estudia los seres vivos? | A) Biologia | B) Fisica | C) Geologia,A
1815 La NBA corresponde a? | A) Hockey | B) Beisbol | C) Baloncesto,C
1816 Serie con dragones y un trono? | A) The Witcher | B) Game of Thrones | C) Vikings,B
1817 Lengua oficial de Brasil? | A) Portugues | B) Espanol | C) Ingles,A
1818 La NBA corresponde a? | A) Beisbol | B) Baloncesto | C) Hockey,B
1819 Messi gano el Mundial con Argentina en? | A) 2014 | B) 2022 | C) 2018,B
1820 Pais de nacimiento de Simon Bolivar? | A) Colombia | B) Venezuela | C) Peru,B
1821 Messi gano el Mundial con Argentina en? | A) 2018 | B) 2014 | C) 2022,C
1822 Civilizacion que construyo las piramides de Giza? | A) Romana | B) Maya | C) Egipcia,C
1823 Metal mas ligero? | A) Aluminio | B) Magnesio | C) Litio,C
1824 Proceso por el cual las plantas producen alimento? | A) Fotosintesis | B) Fermentacion | C) Respiracion,A
1825 Cuantos anillos olimpicos hay? | A) 6 | B) 4 | C) 5,C
1826 Lider de la independencia de la India con no violencia? | A) Jinnah | B) Gandhi | C) Nehru,B
1827 Particula con carga negativa? | A) Neutron | B) Electron | C) Proton,B
1828 Barco que se hundio en 1912? | A) Lusitania | B) Britannic | C) Titanic,C
1829 Pais de nacimiento de Simon Bolivar? | A) Peru | B) Colombia | C) Venezuela,C
1830 Franquicia con Pokebolas? | A) Pokemon | B) Yo Kai Watch | C) Digimon,A
1831 Planeta conocido como el planeta rojo? | A) Jupiter | B) Marte | C) Mercurio,B
1832 La NBA corresponde a? | A) Hockey | B) Baloncesto | C) Beisbol,B
1833 Cuantos jugadores por equipo en futbol en cancha? | A) 10 | B) 12 | C) 11,C
1834 Estudio de Toy Story? | A) Pixar | B) Illumination | C) DreamWorks,A
1835 Proceso por el cual las plantas producen alimento? | A) Respiracion | B) Fotosintesis | C) Fermentacion,B
1836 Imperio de Julio Cesar? | A) Persa | B) Romano | C) Griego,B
1837 Messi gano el Mundial con Argentina en? | A) 2014 | B) 2018 | C) 2022,C
1838 Principal satelite natural de la Tierra? | A) Fobos | B) La Luna | C) Titan,B
1839 Organo que bombea la sangre? | A) Corazon | B) Pulmon | C) Higado,A
1840 Particula con carga negativa? | A) Proton | B) Neutron | C) Electron,C
1841 Instrumento de teclas y cuerdas? | A) Flauta | B) Guitarra | C) Piano,C
1842 Imperio de Julio Cesar? | A) Persa | B) Griego | C) Romano,C
1843 H2O es la formula de? | A) Peroxido | B) Agua | C) Oxigeno,B
1844 Planta que produce algodon? | A) Maiz | B) Trigo | C) Algodonero,C
1845 Barco que se hundio en 1912? | A) Lusitania | B) Britannic | C) Titanic,C
1846 H2O es la formula de? | A) Oxigeno | B) Peroxido | C) Agua,C
1847 Gol en tenis se llama? | A) Canasta | B) Punto | C) Gol,B
1848 Lider de la independencia de la India con no violencia? | A) Nehru | B) Gandhi | C) Jinnah,B
1849 Pintor del Guernica? | A) Pablo Picasso | B) Salvador Dali | C) Joan Miro,A
1850 Serie con dragones y un trono? | A) The Witcher | B) Game of Thrones | C) Vikings,B
1851 H2O es la formula de? | A) Peroxido | B) Oxigeno | C) Agua,C
1852 Compositor de Fur Elise? | A) Mozart | B) Beethoven | C) Bach,B
1853 Planeta conocido como el planeta rojo? | A) Mercurio | B) Marte | C) Jupiter,B
1854 Primera mujer en ganar un Premio Nobel? | A) Rosalind Franklin | B) Marie Curie | C) Ada Lovelace,B
1855 Rio mas largo del mundo? | A) Nilo | B) Yangtse | C) Amazonas,A
1856 Desierto mas grande del mundo? | A) Sahara | B) Atacama | C) Gobi,A
1857 Lengua con mas hablantes nativos? | A) Espanol | B) Chino mandarin | C) Ingles,B
1858 Pais sede del Mundial FIFA 2014? | A) Sudafrica | B) Alemania | C) Brasil,C
1859 Lider de la independencia de la India con no violencia? | A) Gandhi | B) Jinnah | C) Nehru,A
1860 Quien pinto La Gioconda? | A) Leonardo da Vinci | B) Rafael | C) Miguel Angel,A
1861 Trilogia famosa con un anillo y un mago? | A) El senor de los anillos | B) Harry Potter | C) Narnia,A
1862 Planta que produce algodon? | A) Algodonero | B) Maiz | C) Trigo,A
1863 Pintor del Guernica? | A) Salvador Dali | B) Pablo Picasso | C) Joan Miro,B
1864 Instrumento de teclas y cuerdas? | A) Guitarra | B) Piano | C) Flauta,B
1865 Civilizacion que construyo las piramides de Giza? | A) Romana | B) Egipcia | C) Maya,B
1866 Superficie principal de Roland Garros? | A) Cesped | B) Dura | C) Arcilla,C
1867 Rama de la ciencia que estudia los seres vivos? | A) Biologia | B) Geologia | C) Fisica,A
1868 Serie con dragones y un trono? | A) Vikings | B) The Witcher | C) Game of Thrones,C
1869 Unidad SI de fuerza? | A) Pascal | B) Newton | C) Joule,B
1870 Gas mas abundante del aire? | A) Nitrogeno | B) Oxigeno | C) Dioxido de carbono,A
1871 Tejido donde ocurre el intercambio de gases? | A) Higado | B) Rinones | C) Pulmones,C
1872 Pintor del Guernica? | A) Salvador Dali | B) Joan Miro | C) Pablo Picasso,C
1873 Cuantos jugadores por equipo en futbol en cancha? | A) 11 | B) 12 | C) 10,A
1874 Bebida tradicional de Argentina y Uruguay? | A) Mate | B) Cafe | C) Te,A
1875 Organo que bombea la sangre? | A) Pulmon | B) Corazon | C) Higado,B
1876 Torneo mas importante de clubes en Europa? | A) Europa League | B) Conference League | C) Liga de Campeones,C
1877 Planta que produce algodon? | A) Trigo | B) Maiz | C) Algodonero,C
1878 Gas mas abundante del aire? | A) Nitrogeno | B) Dioxido de carbono | C) Oxigeno,A
1879 Serie con dragones y un trono? | A) The Witcher | B) Game of Thrones | C) Vikings,B
1880 Bebida tradicional de Argentina y Uruguay? | A) Cafe | B) Te | C) Mate,C
1881 Lider de la independencia de la India con no violencia? | A) Nehru | B) Jinnah | C) Gandhi,C
1882 Estudio de Toy Story? | A) DreamWorks | B) Pixar | C) Illumination,B
1883 Superficie principal de Roland Garros? | A) Cesped | B) Dura | C) Arcilla,C
1884 Que vitamina se obtiene del sol? | A) Vitamina C | B) Vitamina B12 | C) Vitamina D,C
1885 Cual es la capital de Espana? | A) Lima | B) Seul | C) Madrid,C
1886 Pais sede del Mundial FIFA 2014? | A) Alemania | B) Sudafrica | C) Brasil,C
1887 Anio en que comenzo la Segunda Guerra Mundial? | A) 1914 | B) 1939 | C) 1945,B
1888 Cristiano Ronaldo es originario de? | A) Brasil | B) Espana | C) Portugal,C
1889 Particula con carga negativa? | A) Neutron | B) Proton | C) Electron,C
1890 Instrumento de teclas y cuerdas? | A) Guitarra | B) Flauta | C) Piano,C
1891 Cuantos jugadores por equipo en futbol en cancha? | A) 11 | B) 12 | C) 10,A
1892 Gas mas abundante del aire? | A) Oxigeno | B) Dioxido de carbono | C) Nitrogeno,C
1893 Que vitamina se obtiene del sol? | A) Vitamina C | B) Vitamina D | C) Vitamina B12,B
1894 Particula con carga negativa? | A) Neutron | B) Proton | C) Electron,C
1895 Estudio de Toy Story? | A) DreamWorks | B) Illumination | C) Pixar,C
1896 Kamehameha pertenece a? | A) One Piece | B) Dragon Ball | C) Naruto,B
1897 Gas mas abundante del aire? | A) Nitrogeno | B) Oxigeno | C) Dioxido de carbono,A
1898 Cuantos anillos olimpicos hay? | A) 6 | B) 5 | C) 4,B
1899 Color que resulta de mezclar azul y amarillo? | A) Verde | B) Naranja | C) Violeta,A
1900 Imperio de Julio Cesar? | A) Griego | B) Romano | C) Persa,B
1901 Animal conocido como el rey de la selva? | A) Tigre | B) Leon | C) Pantera,B
1902 Primer hombre en pisar la Luna? | A) Yuri Gagarin | B) Neil Armstrong | C) Buzz Aldrin,B
1903 Organo que bombea la sangre? | A) Higado | B) Corazon | C) Pulmon,B
1904 Primera mujer en ganar un Premio Nobel? | A) Marie Curie | B) Ada Lovelace | C) Rosalind Franklin,A
1905 Quien pinto La Gioconda? | A) Rafael | B) Miguel Angel | C) Leonardo da Vinci,C
1906 Cuantos jugadores por equipo en futbol en cancha? | A) 12 | B) 11 | C) 10,B
1907 Pais de nacimiento de Simon Bolivar? | A) Peru | B) Colombia | C) Venezuela,C
1908 La NBA corresponde a? | A) Beisbol | B) Baloncesto | C) Hockey,B
1909 H2O es la formula de? | A) Oxigeno | B) Agua | C) Peroxido,B
1910 Gas mas abundante del aire? | A) Oxigeno | B) Nitrogeno | C) Dioxido de carbono,B
1911 Pintor del Guernica? | A) Pablo Picasso | B) Salvador Dali | C) Joan Miro,A
1912 H2O es la formula de? | A) Agua | B) Peroxido | C) Oxigeno,A
1913 La NBA corresponde a? | A) Beisbol | B) Hockey | C) Baloncesto,C
1914 Proceso por el cual las plantas producen alimento? | A) Fotosintesis | B) Fermentacion | C) Respiracion,A
1915 Cuantos jugadores por equipo en futbol en cancha? | A) 12 | B) 11 | C) 10,B
1916 Quien pinto La Gioconda? | A) Leonardo da Vinci | B) Miguel Angel | C) Rafael,A
1917 Estudio de Toy Story? | A) DreamWorks | B) Pixar | C) Illumination,B
1918 Compositor de Fur Elise? | A) Mozart | B) Beethoven | C) Bach,B
1919 Imperio de Julio Cesar? | A) Romano | B) Persa | C) Griego,A
1920 Civilizacion que construyo las piramides de Giza? | A) Romana | B) Maya | C) Egipcia,C
1921 La NBA corresponde a? | A) Baloncesto | B) Beisbol | C) Hockey,A
1922 Cristiano Ronaldo es originario de? | A) Portugal | B) Brasil | C) Espana,A
1923 Planeta conocido como el planeta rojo? | A) Mercurio | B) Marte | C) Jupiter,B
1924 Kamehameha pertenece a? | A) Naruto | B) One Piece | C) Dragon Ball,C
1925 Quien pinto La Gioconda? | A) Miguel Angel | B) Rafael | C) Leonardo da Vinci,C
1926 Civilizacion que construyo las piramides de Giza? | A) Romana | B) Maya | C) Egipcia,C
1927 Cuantos jugadores por equipo en futbol en cancha? | A) 10 | B) 11 | C) 12,B
1928 Torneo mas importante de clubes en Europa? | A) Liga de Campeones | B) Conference League | C) Europa League,A
1929 Rama de la ciencia que estudia los seres vivos? | A) Biologia | B) Geologia | C) Fisica,A
1930 La NBA corresponde a? | A) Beisbol | B) Baloncesto | C) Hockey,B
1931 Pais sede del Mundial FIFA 2014? | A) Sudafrica | B) Alemania | C) Brasil,C
1932 Serie con dragones y un trono? | A) Game of Thrones | B) Vikings | C) The Witcher,A
1933 Trilogia famosa con un anillo y un mago? | A) Harry Potter | B) El senor de los anillos | C) Narnia,B
1934 Messi gano el Mundial con Argentina en? | A) 2022 | B) 2018 | C) 2014,A
1935 Planeta conocido como el planeta rojo? | A) Mercurio | B) Marte | C) Jupiter,B
1936 Artista del album Thriller? | A) Madonna | B) Michael Jackson | C) Prince,B
1937 Pais de nacimiento de Simon Bolivar? | A) Venezuela | B) Colombia | C) Peru,A
1938 Compositor de Fur Elise? | A) Beethoven | B) Mozart | C) Bach,A
1939 Unidad SI de fuerza? | A) Joule | B) Newton | C) Pascal,B
1940 Gol en tenis se llama? | A) Canasta | B) Punto | C) Gol,B
1941 Pais sede del Mundial FIFA 2014? | A) Alemania | B) Sudafrica | C) Brasil,C
1942 Pais sede del Mundial FIFA 2014? | A) Sudafrica | B) Alemania | C) Brasil,C
1943 Autor de Cien anios de soledad? | A) Mario Vargas Llosa | B) Gabriel Garcia Marquez | C) Julio Cortazar,B
1944 Artista del album Thriller? | A) Prince | B) Michael Jackson | C) Madonna,B
1945 Cuantos anillos olimpicos hay? | A) 5 | B) 6 | C) 4,A
1946 Pintor del Guernica? | A) Salvador Dali | B) Pablo Picasso | C) Joan Miro,B
1947 H2O es la formula de? | A) Oxigeno | B) Agua | C) Peroxido,B
1948 Torneo mas importante de clubes en Europa? | A) Conference League | B) Europa League | C) Liga de Campeones,C
1949 Cristiano Ronaldo es originario de? | A) Brasil | B) Espana | C) Portugal,C
1950 Deporte principal de Michael Jordan? | A) Beisbol | B) Futbol americano | C) Baloncesto,C
1951 Primer hombre en pisar la Luna? | A) Buzz Aldrin | B) Yuri Gagarin | C) Neil Armstrong,C
1952 Serie con dragones y un trono? | A) Vikings | B) Game of Thrones | C) The Witcher,B
1953 Proceso por el cual las plantas producen alimento? | A) Fotosintesis | B) Fermentacion | C) Respiracion,A
1954 Tejido donde ocurre el intercambio de gases? | A) Rinones | B) Higado | C) Pulmones,C
1955 Gas mas abundante del aire? | A) Nitrogeno | B) Dioxido de carbono | C) Oxigeno,A
1956 Tejido donde ocurre el intercambio de gases? | A) Higado | B) Pulmones | C) Rinones,B
1957 Metal mas ligero? | A) Aluminio | B) Litio | C) Magnesio,B
1958 Pais sede del Mundial FIFA 2014? | A) Brasil | B) Alemania | C) Sudafrica,A
1959 Primer hombre en pisar la Luna? | A) Yuri Gagarin | B) Neil Armstrong | C) Buzz Aldrin,B
1960 Organo que bombea la sangre? | A) Pulmon | B) Corazon | C) Higado,B
1961 Organo que bombea la sangre? | A) Corazon | B) Higado | C) Pulmon,A
1962 Pintor del Guernica? | A) Pablo Picasso | B) Salvador Dali | C) Joan Miro,A
1963 Particula con carga negativa? | A) Electron | B) Proton | C) Neutron,A
1964 Kamehameha pertenece a? | A) Dragon Ball | B) One Piece | C) Naruto,A
1965 Barco que se hundio en 1912? | A) Titanic | B) Britannic | C) Lusitania,A
1966 Instrumento de teclas y cuerdas? | A) Piano | B) Flauta | C) Guitarra,A
1967 Planeta conocido como el planeta rojo? | A) Mercurio | B) Jupiter | C) Marte,C
1968 Pais de nacimiento de Simon Bolivar? | A) Peru | B) Venezuela | C) Colombia,B
1969 Metal mas ligero? | A) Litio | B) Magnesio | C) Aluminio,A
1970 Messi gano el Mundial con Argentina en? | A) 2014 | B) 2022 | C) 2018,B
1971 Torneo mas importante de clubes en Europa? | A) Liga de Campeones | B) Europa League | C) Conference League,A
1972 Tejido donde ocurre el intercambio de gases? | A) Pulmones | B) Higado | C) Rinones,A
1973 Particula con carga negativa? | A) Electron | B) Proton | C) Neutron,A
1974 Proceso por el cual las plantas producen alimento? | A) Fotosintesis | B) Fermentacion | C) Respiracion,A
1975 Autor de Cien anios de soledad? | A) Mario Vargas Llosa | B) Gabriel Garcia Marquez | C) Julio Cortazar,B
1976 Gas mas abundante del aire? | A) Dioxido de carbono | B) Nitrogeno | C) Oxigeno,B
1977 Superficie principal de Roland Garros? | A) Arcilla | B) Dura | C) Cesped,A
1978 Compositor de Fur Elise? | A) Bach | B) Mozart | C) Beethoven,C
1979 Civilizacion que construyo las piramides de Giza? | A) Romana | B) Maya | C) Egipcia,C
1980 Deporte principal de Michael Jordan? | A) Beisbol | B) Baloncesto | C) Futbol americano,B
1981 Unidad SI de fuerza? | A) Pascal | B) Joule | C) Newton,C
1982 Estudio de Toy Story? | A) DreamWorks | B) Pixar | C) Illumination,B
1983 Que vitamina se obtiene del sol? | A) Vitamina B12 | B) Vitamina D | C) Vitamina C,B
1984 Quien pinto La Gioconda? | A) Rafael | B) Miguel Angel | C) Leonardo da Vinci,C
1985 Primera mujer en ganar un Premio Nobel? | A) Marie Curie | B) Rosalind Franklin | C) Ada Lovelace,A
1986 Cual es la capital de Belgica? | A) Varsovia | B) Berna | C) Bruselas,C
1987 Particula con carga negativa? | A) Electron | B) Neutron | C) Proton,A
1988 Organo que bombea la sangre? | A) Higado | B) Corazon | C) Pulmon,B
1989 Franquicia con Pokebolas? | A) Yo Kai Watch | B) Pokemon | C) Digimon,B
1990 Cuantos jugadores por equipo en futbol en cancha? | A) 11 | B) 10 | C) 12,A
1991 Primera mujer en ganar un Premio Nobel? | A) Rosalind Franklin | B) Marie Curie | C) Ada Lovelace,B
1992 Que vitamina se obtiene del sol? | A) Vitamina B12 | B) Vitamina C | C) Vitamina D,C
1993 Cual es la capital de Argentina? | A) Buenos Aires | B) Helsinki | C) Addis Abeba,A
1994 Pais de nacimiento de Simon Bolivar? | A) Colombia | B) Venezuela | C) Peru,B
1995 Messi gano el Mundial con Argentina en? | A) 2014 | B) 2022 | C) 2018,B
1996 Barco que se hundio en 1912? | A) Lusitania | B) Britannic | C) Titanic,C
1997 Unidad SI de fuerza? | A) Pascal | B) Newton | C) Joule,B
1998 Cual es la capital de Irlanda? | A) Ankara | B) Dublin | C) Viena,B
1999 H2O es la formula de? | A) Oxigeno | B) Agua | C) Peroxido,B
2000 Principal satelite natural de la Tierra? | A) Titan | B) Fobos | C) La Luna,C
